eye_id,eye_label,source_demand_D,source_distance_mm,posterior_pole_diameter_mm,reported_axial_length_mm,image_medium_refractive_index,external_lens_D,sweep_role,fixed_focal_length_mm,fixed_eye_power_D,pupil_diameter_mm,reduced_retina_distance_mm,focus_object_demand_D,retinal_defocus_D,source_mapping_coefficient,pupil_mapping_coefficient,pupil_blur_diameter_mm,geometric_min_source_diameter_mm,geometric_min_source_area_mm2,conservative_source_diameter_mm,conservative_source_area_mm2,geometric_coverage_margin_um,conservative_plateau_margin_um,pupil_blur_alone_covers_target,maximum_source_pupil_ray_angle_deg,small_angle_linearization_error_percent,working_f_number,paraxial_screening_angle_limit_deg,paraxial_screening_min_f_number,paraxial_screening_pass,model_domain,real_experiment_readiness
chick_30_45d,30–45 day chick,60,16.66666667,3,11.7,1.336,0,fixed_focal_object_distance_source_sizing,7.5,133.3333333,2,8.75748503,19.14529915,40.85470085,-0.5254491018,0.3577844311,0.7155688623,4.347578348,14.84515429,7.071225071,39.2716549,2.168404345e-13,0,False,15.22362202,2.421666294,3.75,10,4,False,FIRST_ORDER_PARAXIAL_ONLY,BLOCKED_CALIBRATION_REQUIRED
chick_30_45d,30–45 day chick,70,14.28571429,3,11.7,1.336,0,fixed_focal_object_distance_source_sizing,7.5,133.3333333,2,8.75748503,19.14529915,50.85470085,-0.6130239521,0.4453592814,0.8907185629,3.440781441,9.298310732,6.346764347,31.63695146,0,0,False,16.28502387,2.782796492,3.75,10,4,False,FIRST_ORDER_PARAXIAL_ONLY,BLOCKED_CALIBRATION_REQUIRED
chick_30_45d,30–45 day chick,80,12.5,3,11.7,1.336,0,fixed_focal_object_distance_source_sizing,7.5,133.3333333,2,8.75748503,19.14529915,60.85470085,-0.7005988024,0.5329341317,1.065868263,2.760683761,5.985813791,5.803418803,26.45195081,0,0,False,17.33506176,3.167319376,3.75,10,4,False,FIRST_ORDER_PARAXIAL_ONLY,BLOCKED_CALIBRATION_REQUIRED
chick_30_45d,30–45 day chick,90,11.11111111,3,11.7,1.336,0,fixed_focal_object_distance_source_sizing,7.5,133.3333333,2,8.75748503,19.14529915,70.85470085,-0.7881736527,0.620508982,1.241017964,2.231718898,3.911729935,5.380816714,22.73978108,0,2.168404345e-13,False,18.37322354,3.574824936,3.75,10,4,False,FIRST_ORDER_PARAXIAL_ONLY,BLOCKED_CALIBRATION_REQUIRED
chick_30_45d,30–45 day chick,100,10,3,11.7,1.336,0,fixed_focal_object_distance_source_sizing,7.5,133.3333333,2,8.75748503,19.14529915,80.85470085,-0.875748503,0.7080838323,1.416167665,1.808547009,2.568913521,5.042735043,19.97202869,0,0,False,19.39903973,4.004888832,3.75,10,4,False,FIRST_ORDER_PARAXIAL_ONLY,BLOCKED_CALIBRATION_REQUIRED
chick_30_45d,30–45 day chick,110,9.090909091,3,11.7,1.336,0,fixed_focal_object_distance_source_sizing,7.5,133.3333333,2,8.75748503,19.14529915,90.85470085,-0.9633233533,0.7956586826,1.591317365,1.462315462,1.679469131,4.766122766,17.84104673,0,2.168404345e-13,False,20.41208358,4.45707425,3.75,10,4,False,FIRST_ORDER_PARAXIAL_ONLY,BLOCKED_CALIBRATION_REQUIRED
chick_30_45d,30–45 day chick,120,8.333333333,3,11.7,1.336,0,fixed_focal_object_distance_source_sizing,7.5,133.3333333,2,8.75748503,19.14529915,100.8547009,-1.050898204,0.8832335329,1.766467066,1.173789174,1.082106686,4.535612536,16.15703907,0,2.168404345e-13,False,21.4119708,4.930933737,3.75,10,4,False,FIRST_ORDER_PARAXIAL_ONLY,BLOCKED_CALIBRATION_REQUIRED
chick_30_45d,30–45 day chick,60,16.66666667,3,11.7,1.336,0,fixed_focal_object_distance_source_sizing,7.5,133.3333333,2.5,8.75748503,19.14529915,40.85470085,-0.5254491018,0.3577844311,0.8944610778,4.007122507,12.61116249,7.411680912,43.14428826,0,0,False,16.55986826,2.880797486,3,10,4,False,FIRST_ORDER_PARAXIAL_ONLY,BLOCKED_CALIBRATION_REQUIRED
chick_30_45d,30–45 day chick,70,14.28571429,3,11.7,1.336,0,fixed_focal_object_distance_source_sizing,7.5,133.3333333,2.5,8.75748503,19.14529915,50.85470085,-0.6130239521,0.4453592814,1.113398204,3.077533578,7.438673233,6.71001221,35.36197414,0,0,False,17.8667485,3.372580709,3,10,4,False,FIRST_ORDER_PARAXIAL_ONLY,BLOCKED_CALIBRATION_REQUIRED
chick_30_45d,30–45 day chick,80,12.5,3,11.7,1.336,0,fixed_focal_object_distance_source_sizing,7.5,133.3333333,2.5,8.75748503,19.14529915,60.85470085,-0.7005988024,0.5329341317,1.332335329,2.38034188,4.450087567,6.183760684,30.03275884,0,0,False,19.15469248,3.899937398,3,10,4,False,FIRST_ORDER_PARAXIAL_ONLY,BLOCKED_CALIBRATION_REQUIRED
chick_30_45d,30–45 day chick,90,11.11111111,3,11.7,1.336,0,fixed_focal_object_distance_source_sizing,7.5,133.3333333,2.5,8.75748503,19.14529915,70.85470085,-0.7881736527,0.620508982,1.551272455,1.838081671,2.653502434,5.774453941,26.18856637,0,0,False,20.42283631,4.462023113,3,10,4,False,FIRST_ORDER_PARAXIAL_ONLY,BLOCKED_CALIBRATION_REQUIRED
chick_30_45d,30–45 day chick,100,10,3,11.7,1.336,0,fixed_focal_object_distance_source_sizing,7.5,133.3333333,2.5,8.75748503,19.14529915,80.85470085,-0.875748503,0.7080838323,1.770209581,1.404273504,1.548792671,5.447008547,23.30268663,0,-2.168404345e-13,False,21.67041992,5.057966365,3,10,4,False,FIRST_ORDER_PARAXIAL_ONLY,BLOCKED_CALIBRATION_REQUIRED
chick_30_45d,30–45 day chick,110,9.090909091,3,11.7,1.336,0,fixed_focal_object_distance_source_sizing,7.5,133.3333333,2.5,8.75748503,19.14529915,90.85470085,-0.9633233533,0.7956586826,1.989146707,1.049339549,0.8648125126,5.179098679,21.06678452,0,0,False,22.8967856,5.686874082,3,10,4,False,FIRST_ORDER_PARAXIAL_ONLY,BLOCKED_CALIBRATION_REQUIRED
chick_30_45d,30–45 day chick,120,8.333333333,3,11.7,1.336,0,fixed_focal_object_distance_source_sizing,7.5,133.3333333,2.5,8.75748503,19.14529915,100.8547009,-1.050898204,0.8832335329,2.208083832,0.7535612536,0.4459919308,4.955840456,19.28965741,0,2.168404345e-13,False,24.10137546,6.347836847,3,10,4,False,FIRST_ORDER_PARAXIAL_ONLY,BLOCKED_CALIBRATION_REQUIRED
chick_30_45d,30–45 day chick,60,16.66666667,3,11.7,1.336,0,fixed_focal_object_distance_source_sizing,7.5,133.3333333,3,8.75748503,19.14529915,40.85470085,-0.5254491018,0.3577844311,1.073353293,3.666666667,10.55924197,7.752136752,47.19899289,0,2.168404345e-13,False,17.8778381,3.376938489,2.5,10,4,False,FIRST_ORDER_PARAXIAL_ONLY,BLOCKED_CALIBRATION_REQUIRED
chick_30_45d,30–45 day chick,70,14.28571429,3,11.7,1.336,0,fixed_focal_object_distance_source_sizing,7.5,133.3333333,3,8.75748503,19.14529915,50.85470085,-0.6130239521,0.4453592814,1.336077844,2.714285714,5.786300755,7.073260073,39.29426185,0,0,False,19.42082095,4.014321198,2.5,10,4,False,FIRST_ORDER_PARAXIAL_ONLY,BLOCKED_CALIBRATION_REQUIRED
chick_30_45d,30–45 day chick,80,12.5,3,11.7,1.336,0,fixed_focal_object_distance_source_sizing,7.5,133.3333333,3,8.75748503,19.14529915,60.85470085,-0.7005988024,0.5329341317,1.598802395,2,3.141592654,6.564102564,33.84079818,0,0,False,20.93505651,4.701453571,2.5,10,4,False,FIRST_ORDER_PARAXIAL_ONLY,BLOCKED_CALIBRATION_REQUIRED
chick_30_45d,30–45 day chick,90,11.11111111,3,11.7,1.336,0,fixed_focal_object_distance_source_sizing,7.5,133.3333333,3,8.75748503,19.14529915,70.85470085,-0.7881736527,0.620508982,1.861526946,1.444444444,1.638670242,6.168091168,29.88074696,0,-2.168404345e-13,False,22.41928614,5.436817693,2.5,10,4,False,FIRST_ORDER_PARAXIAL_ONLY,BLOCKED_CALIBRATION_REQUIRED
chick_30_45d,30–45 day chick,100,10,3,11.7,1.336,0,fixed_focal_object_distance_source_sizing,7.5,133.3333333,3,8.75748503,19.14529915,80.85470085,-0.875748503,0.7080838323,2.124251497,1,0.7853981634,5.851282051,26.89007091,0,2.168404345e-13,False,23.8724614,6.218855351,2.5,10,4,False,FIRST_ORDER_PARAXIAL_ONLY,BLOCKED_CALIBRATION_REQUIRED
chick_30_45d,30–45 day chick,110,9.090909091,3,11.7,1.336,0,fixed_focal_object_distance_source_sizing,7.5,133.3333333,3,8.75748503,19.14529915,90.85470085,-0.9633233533,0.7956586826,2.386976048,0.6363636364,0.3180538017,5.592074592,24.56042021,0,0,False,25.2937368,7.045980747,2.5,10,4,False,FIRST_ORDER_PARAXIAL_ONLY,BLOCKED_CALIBRATION_REQUIRED
chick_30_45d,30–45 day chick,120,8.333333333,3,11.7,1.336,0,fixed_focal_object_distance_source_sizing,7.5,133.3333333,3,8.75748503,19.14529915,100.8547009,-1.050898204,0.8832335329,2.649700599,0.3333333333,0.0872664626,5.376068376,22.69966504,0,2.168404345e-13,False,26.6824604,7.916592336,2.5,10,4,False,FIRST_ORDER_PARAXIAL_ONLY,BLOCKED_CALIBRATION_REQUIRED
chick_30_45d,30–45 day chick,60,16.66666667,3,11.7,1.336,0,fixed_focal_object_distance_source_sizing,7.5,133.3333333,3.5,8.75748503,19.14529915,40.85470085,-0.5254491018,0.3577844311,1.252245509,3.326210826,8.689392743,8.092592593,51.43576882,0,0,False,19.17653881,3.909256393,2.142857143,10,4,False,FIRST_ORDER_PARAXIAL_ONLY,BLOCKED_CALIBRATION_REQUIRED
chick_30_45d,30–45 day chick,70,14.28571429,3,11.7,1.336,0,fixed_focal_object_distance_source_sizing,7.5,133.3333333,3.5,8.75748503,19.14529915,50.85470085,-0.6130239521,0.4453592814,1.558757485,2.351037851,4.341193297,7.436507937,43.43381457,0,-2.168404345e-13,False,20.94573541,4.706522494,2.142857143,10,4,False,FIRST_ORDER_PARAXIAL_ONLY,BLOCKED_CALIBRATION_REQUIRED
chick_30_45d,30–45 day chick,80,12.5,3,11.7,1.336,0,fixed_focal_object_distance_source_sizing,7.5,133.3333333,3.5,8.75748503,19.14529915,60.85470085,-0.7005988024,0.5329341317,1.865269461,1.61965812,2.060329052,6.944444444,37.87606884,0,2.168404345e-13,False,22.67408807,5.569420787,2.142857143,10,4,False,FIRST_ORDER_PARAXIAL_ONLY,BLOCKED_CALIBRATION_REQUIRED
chick_30_45d,30–45 day chick,90,11.11111111,3,11.7,1.336,0,fixed_focal_object_distance_source_sizing,7.5,133.3333333,3.5,8.75748503,19.14529915,70.85470085,-0.7881736527,0.620508982,2.171781437,1.050807217,0.8672333599,6.561728395,33.81632287,0,0,False,24.35996103,6.49547302,2.142857143,10,4,False,FIRST_ORDER_PARAXIAL_ONLY,BLOCKED_CALIBRATION_REQUIRED
chick_30_45d,30–45 day chick,100,10,3,11.7,1.336,0,fixed_focal_object_distance_source_sizing,7.5,133.3333333,3.5,8.75748503,19.14529915,80.85470085,-0.875748503,0.7080838323,2.478293413,0.5957264957,0.2787299995,6.255555556,30.73418154,0,-2.168404345e-13,False,26.00209156,7.482153672,2.142857143,10,4,False,FIRST_ORDER_PARAXIAL_ONLY,BLOCKED_CALIBRATION_REQUIRED
chick_30_45d,30–45 day chick,110,9.090909091,3,11.7,1.336,0,fixed_focal_object_distance_source_sizing,7.5,133.3333333,3.5,8.75748503,19.14529915,90.85470085,-0.9633233533,0.7956586826,2.784805389,0.2233877234,0.03919299802,6.005050505,28.3219538,0,-2.168404345e-13,False,27.59956854,8.526914996,2.142857143,10,4,False,FIRST_ORDER_PARAXIAL_ONLY,BLOCKED_CALIBRATION_REQUIRED
chick_30_45d,30–45 day chick,120,8.333333333,3,11.7,1.336,0,fixed_focal_object_distance_source_sizing,7.5,133.3333333,3.5,8.75748503,19.14529915,100.8547009,-1.050898204,0.8832335329,3.091317365,0,0,5.796296296,26.38706196,45.65868263,2.168404345e-13,True,29.15180702,9.627209544,2.142857143,10,4,False,FIRST_ORDER_PARAXIAL_ONLY,BLOCKED_CALIBRATION_REQUIRED
chick_30_45d,30–45 day chick,60,16.66666667,3,11.7,1.336,0,fixed_focal_object_distance_source_sizing,8,125,2,8.75748503,10.81196581,49.18803419,-0.5254491018,0.4307634731,0.8615269461,4.06980057,13.00876708,7.349002849,42.4176606,0,0,False,15.66721922,2.5692687,4,10,4,False,FIRST_ORDER_PARAXIAL_ONLY,BLOCKED_CALIBRATION_REQUIRED
chick_30_45d,30–45 day chick,70,14.28571429,3,11.7,1.336,0,fixed_focal_object_distance_source_sizing,8,125,2,8.75748503,10.81196581,59.18803419,-0.6130239521,0.5183383234,1.036676647,3.202686203,8.055985188,6.584859585,34.05515948,0,0,False,16.72395105,2.940194681,4,10,4,False,FIRST_ORDER_PARAXIAL_ONLY,BLOCKED_CALIBRATION_REQUIRED
chick_30_45d,30–45 day chick,80,12.5,3,11.7,1.336,0,fixed_focal_object_distance_source_sizing,8,125,2,8.75748503,10.81196581,69.18803419,-0.7005988024,0.6059131737,1.211826347,2.552350427,5.116470605,6.011752137,28.38520364,0,0,False,17.76910036,3.334344373,4,10,4,False,FIRST_ORDER_PARAXIAL_ONLY,BLOCKED_CALIBRATION_REQUIRED
chick_30_45d,30–45 day chick,90,11.11111111,3,11.7,1.336,0,fixed_focal_object_distance_source_sizing,8,125,2,8.75748503,10.81196581,79.18803419,-0.7881736527,0.693488024,1.386976048,2.046533713,3.289483316,5.566001899,24.33193131,0,0,False,18.80217275,3.751301567,4,10,4,False,FIRST_ORDER_PARAXIAL_ONLY,BLOCKED_CALIBRATION_REQUIRED
chick_30_45d,30–45 day chick,100,10,3,11.7,1.336,0,fixed_focal_object_distance_source_sizing,8,125,2,8.75748503,10.81196581,89.18803419,-0.875748503,0.7810628743,1.562125749,1.641880342,2.117253637,5.209401709,21.31403025,0,0,False,19.82271654,4.1906365,4,10,4,False,FIRST_ORDER_PARAXIAL_ONLY,BLOCKED_CALIBRATION_REQUIRED
chick_30_45d,30–45 day chick,110,9.090909091,3,11.7,1.336,0,fixed_focal_object_distance_source_sizing,8,125,2,8.75748503,10.81196581,99.18803419,-0.9633233533,0.8686377246,1.737275449,1.310800311,1.349469125,4.917637918,18.99341156,0,0,False,20.83032274,4.651907706,4,10,4,False,FIRST_ORDER_PARAXIAL_ONLY,BLOCKED_CALIBRATION_REQUIRED
chick_30_45d,30–45 day chick,120,8.333333333,3,11.7,1.336,0,fixed_focal_object_distance_source_sizing,8,125,2,8.75748503,10.81196581,109.1880342,-1.050898204,0.9562125749,1.91242515,1.034900285,0.8411760412,4.674501425,17.16170665,0,0,False,21.82462461,5.134663829,4,10,4,False,FIRST_ORDER_PARAXIAL_ONLY,BLOCKED_CALIBRATION_REQUIRED
chick_30_45d,30–45 day chick,60,16.66666667,3,11.7,1.336,0,fixed_focal_object_distance_source_sizing,8,125,2.5,8.75748503,10.81196581,49.18803419,-0.5254491018,0.4307634731,1.076908683,3.659900285,10.52030637,7.758903134,47.28142327,0,0,False,17.10664324,3.081331123,3.2,10,4,False,FIRST_ORDER_PARAXIAL_ONLY,BLOCKED_CALIBRATION_REQUIRED
chick_30_45d,30–45 day chick,70,14.28571429,3,11.7,1.336,0,fixed_focal_object_distance_source_sizing,8,125,2.5,8.75748503,10.81196581,59.18803419,-0.6130239521,0.5183383234,1.295845808,2.77991453,6.06949794,7.007631258,38.56846581,0,0,False,18.40574505,3.58803728,3.2,10,4,False,FIRST_ORDER_PARAXIAL_ONLY,BLOCKED_CALIBRATION_REQUIRED
chick_30_45d,30–45 day chick,80,12.5,3,11.7,1.336,0,fixed_focal_object_distance_source_sizing,8,125,2.5,8.75748503,10.81196581,69.18803419,-0.7005988024,0.6059131737,1.514782934,2.119925214,3.529644465,6.44417735,32.61556075,0,0,False,19.68553798,4.129968698,3.2,10,4,False,FIRST_ORDER_PARAXIAL_ONLY,BLOCKED_CALIBRATION_REQUIRED
chick_30_45d,30–45 day chick,90,11.11111111,3,11.7,1.336,0,fixed_focal_object_distance_source_sizing,8,125,2.5,8.75748503,10.81196581,79.18803419,-0.7881736527,0.693488024,1.73372006,1.60660019,2.027241599,6.005935423,28.33030159,0,0,False,20.9452015,4.70626899,3.2,10,4,False,FIRST_ORDER_PARAXIAL_ONLY,BLOCKED_CALIBRATION_REQUIRED
chick_30_45d,30–45 day chick,100,10,3,11.7,1.336,0,fixed_focal_object_distance_source_sizing,8,125,2.5,8.75748503,10.81196581,89.18803419,-0.875748503,0.7810628743,1.952657186,1.195940171,1.123333703,5.65534188,25.11930447,0,0,False,22.18401844,5.316057024,3.2,10,4,False,FIRST_ORDER_PARAXIAL_ONLY,BLOCKED_CALIBRATION_REQUIRED
chick_30_45d,30–45 day chick,110,9.090909091,3,11.7,1.336,0,fixed_focal_object_distance_source_sizing,8,125,2.5,8.75748503,10.81196581,99.18803419,-0.9633233533,0.8686377246,2.171594311,0.8599456099,0.5808070093,5.368492618,22.63573505,0,0,False,23.40137303,5.958432292,3.2,10,4,False,FIRST_ORDER_PARAXIAL_ONLY,BLOCKED_CALIBRATION_REQUIRED
chick_30_45d,30–45 day chick,120,8.333333333,3,11.7,1.336,0,fixed_focal_object_distance_source_sizing,8,125,2.5,8.75748503,10.81196581,109.1880342,-1.050898204,0.9562125749,2.390531437,0.5799501425,0.2641625208,5.129451567,20.66482579,0,2.168404345e-13,False,24.59674808,6.632480054,3.2,10,4,False,FIRST_ORDER_PARAXIAL_ONLY,BLOCKED_CALIBRATION_REQUIRED
chick_30_45d,30–45 day chick,60,16.66666667,3,11.7,1.336,0,fixed_focal_object_distance_source_sizing,8,125,3,8.75748503,10.81196581,49.18803419,-0.5254491018,0.4307634731,1.292290419,3.25,8.295768101,8.168803419,52.40910838,0,-2.168404345e-13,False,18.52415163,3.636373356,2.666666667,10,4,False,FIRST_ORDER_PARAXIAL_ONLY,BLOCKED_CALIBRATION_REQUIRED
chick_30_45d,30–45 day chick,70,14.28571429,3,11.7,1.336,0,fixed_focal_object_distance_source_sizing,8,125,3,8.75748503,10.81196581,59.18803419,-0.6130239521,0.5183383234,1.55501497,2.357142857,4.363768367,7.43040293,43.36252981,0,0,False,20.0553231,4.294666428,2.666666667,10,4,False,FIRST_ORDER_PARAXIAL_ONLY,BLOCKED_CALIBRATION_REQUIRED
chick_30_45d,30–45 day chick,80,12.5,3,11.7,1.336,0,fixed_focal_object_distance_source_sizing,8,125,3,8.75748503,10.81196581,69.18803419,-0.7005988024,0.6059131737,1.817739521,1.6875,2.236543989,6.876602564,37.13964353,0,0,False,21.55719695,5.002082442,2.666666667,10,4,False,FIRST_ORDER_PARAXIAL_ONLY,BLOCKED_CALIBRATION_REQUIRED
chick_30_45d,30–45 day chick,90,11.11111111,3,11.7,1.336,0,fixed_focal_object_distance_source_sizing,8,125,3,8.75748503,10.81196581,79.18803419,-0.7881736527,0.693488024,2.080464072,1.166666667,1.069014167,6.445868946,32.63268616,0,2.168404345e-13,False,23.02860284,5.7570851,2.666666667,10,4,False,FIRST_ORDER_PARAXIAL_ONLY,BLOCKED_CALIBRATION_REQUIRED
chick_30_45d,30–45 day chick,100,10,3,11.7,1.336,0,fixed_focal_object_distance_source_sizing,8,125,3,8.75748503,10.81196581,89.18803419,-0.875748503,0.7810628743,2.343188623,0.75,0.4417864669,6.101282051,29.23695138,0,-2.168404345e-13,False,24.4685779,6.558103196,2.666666667,10,4,False,FIRST_ORDER_PARAXIAL_ONLY,BLOCKED_CALIBRATION_REQUIRED
chick_30_45d,30–45 day chick,110,9.090909091,3,11.7,1.336,0,fixed_focal_object_distance_source_sizing,8,125,3,8.75748503,10.81196581,99.18803419,-0.9633233533,0.8686377246,2.605913174,0.4090909091,0.1314406017,5.819347319,26.59735426,0,2.168404345e-13,False,25.87635854,7.403542987,2.666666667,10,4,False,FIRST_ORDER_PARAXIAL_ONLY,BLOCKED_CALIBRATION_REQUIRED
chick_30_45d,30–45 day chick,120,8.333333333,3,11.7,1.336,0,fixed_focal_object_distance_source_sizing,8,125,3,8.75748503,10.81196581,109.1880342,-1.050898204,0.9562125749,2.868637725,0.125,0.0122718463,5.584401709,24.49306777,0,0,False,27.25137024,8.291799631,2.666666667,10,4,False,FIRST_ORDER_PARAXIAL_ONLY,BLOCKED_CALIBRATION_REQUIRED
chick_30_45d,30–45 day chick,60,16.66666667,3,11.7,1.336,0,fixed_focal_object_distance_source_sizing,8,125,3.5,8.75748503,10.81196581,49.18803419,-0.5254491018,0.4307634731,1.507672156,2.840099715,6.33515227,8.578703704,57.80071593,0,0,False,19.91854684,4.233318268,2.285714286,10,4,False,FIRST_ORDER_PARAXIAL_ONLY,BLOCKED_CALIBRATION_REQUIRED
chick_30_45d,30–45 day chick,70,14.28571429,3,11.7,1.336,0,fixed_focal_object_distance_source_sizing,8,125,3.5,8.75748503,10.81196581,59.18803419,-0.6130239521,0.5183383234,1.814184132,1.934371184,2.93879647,7.853174603,48.43735148,0,0,False,21.67094859,5.058228153,2.285714286,10,4,False,FIRST_ORDER_PARAXIAL_ONLY,BLOCKED_CALIBRATION_REQUIRED
chick_30_45d,30–45 day chick,80,12.5,3,11.7,1.336,0,fixed_focal_object_distance_source_sizing,8,125,3.5,8.75748503,10.81196581,69.18803419,-0.7005988024,0.6059131737,2.120696108,1.255074786,1.237169177,7.309027778,41.95745198,0,2.168404345e-13,False,23.38177832,5.947745073,2.285714286,10,4,False,FIRST_ORDER_PARAXIAL_ONLY,BLOCKED_CALIBRATION_REQUIRED
chick_30_45d,30–45 day chick,90,11.11111111,3,11.7,1.336,0,fixed_focal_object_distance_source_sizing,8,125,3.5,8.75748503,10.81196581,79.18803419,-0.7881736527,0.693488024,2.427208084,0.7267331434,0.4148010199,6.885802469,37.23908501,0,2.168404345e-13,False,25.04955801,6.899367887,2.285714286,10,4,False,FIRST_ORDER_PARAXIAL_ONLY,BLOCKED_CALIBRATION_REQUIRED
chick_30_45d,30–45 day chick,100,10,3,11.7,1.336,0,fixed_focal_object_distance_source_sizing,8,125,3.5,8.75748503,10.81196581,89.18803419,-0.875748503,0.7810628743,2.73372006,0.3040598291,0.07261192918,6.547222222,33.666971,0,-2.168404345e-13,False,26.67317429,7.910558906,2.285714286,10,4,False,FIRST_ORDER_PARAXIAL_ONLY,BLOCKED_CALIBRATION_REQUIRED
chick_30_45d,30–45 day chick,110,9.090909091,3,11.7,1.336,0,fixed_focal_object_distance_source_sizing,8,125,3.5,8.75748503,10.81196581,99.18803419,-0.9633233533,0.8686377246,3.040232036,0,0,6.27020202,30.87826917,20.11601796,-2.168404345e-13,True,28.25185523,8.978767924,2.285714286,10,4,False,FIRST_ORDER_PARAXIAL_ONLY,BLOCKED_CALIBRATION_REQUIRED
chick_30_45d,30–45 day chick,120,8.333333333,3,11.7,1.336,0,fixed_focal_object_distance_source_sizing,8,125,3.5,8.75748503,10.81196581,109.1880342,-1.050898204,0.9562125749,3.346744012,0,0,6.039351852,28.64643259,173.372006,-2.168404345e-13,True,29.78514356,10.10145363,2.285714286,10,4,False,FIRST_ORDER_PARAXIAL_ONLY,BLOCKED_CALIBRATION_REQUIRED
chick_30_45d,30–45 day chick,60,16.66666667,3,11.7,1.336,0,fixed_focal_object_distance_source_sizing,8.5,117.6470588,2,8.75748503,3.459024635,56.54097536,-0.5254491018,0.4951567453,0.9903134907,3.824702531,11.48907879,7.594100888,45.29420135,0,-2.168404345e-13,False,16.05703689,2.702913287,4.25,10,4,False,FIRST_ORDER_PARAXIAL_ONLY,BLOCKED_CALIBRATION_REQUIRED
chick_30_45d,30–45 day chick,70,14.28571429,3,11.7,1.336,0,fixed_focal_object_distance_source_sizing,8.5,117.6470588,2,8.75748503,3.459024635,66.54097536,-0.6130239521,0.5827315956,1.165463191,2.992602169,7.033764997,6.794943618,36.26282185,0,0,False,17.10957061,3.082424842,4.25,10,4,False,FIRST_ORDER_PARAXIAL_ONLY,BLOCKED_CALIBRATION_REQUIRED
chick_30_45d,30–45 day chick,80,12.5,3,11.7,1.336,0,fixed_focal_object_distance_source_sizing,8.5,117.6470588,2,8.75748503,3.459024635,76.54097536,-0.7005988024,0.6703064459,1.340612892,2.368526898,4.406020603,6.195575666,30.14763247,0,0,False,18.15033508,3.485008784,4.25,10,4,False,FIRST_ORDER_PARAXIAL_ONLY,BLOCKED_CALIBRATION_REQUIRED
chick_30_45d,30–45 day chick,90,11.11111111,3,11.7,1.336,0,fixed_focal_object_distance_source_sizing,8.5,117.6470588,2,8.75748503,3.459024635,86.54097536,-0.7881736527,0.7578812962,1.515762592,1.88313502,2.785177007,5.729400592,25.78150457,0,-2.168404345e-13,False,19.17885161,3.910243704,4.25,10,4,False,FIRST_ORDER_PARAXIAL_ONLY,BLOCKED_CALIBRATION_REQUIRED
chick_30_45d,30–45 day chick,100,10,3,11.7,1.336,0,fixed_focal_object_distance_source_sizing,8.5,117.6470588,2,8.75748503,3.459024635,96.54097536,-0.875748503,0.8454561465,1.690912293,1.494821518,1.754965419,5.356460533,22.53438448,0,0,False,20.19468422,4.357695323,4.25,10,4,False,FIRST_ORDER_PARAXIAL_ONLY,BLOCKED_CALIBRATION_REQUIRED
chick_30_45d,30–45 day chick,110,9.090909091,3,11.7,1.336,0,fixed_focal_object_distance_source_sizing,8.5,117.6470588,2,8.75748503,3.459024635,106.5409754,-0.9633233533,0.9330309968,1.866061994,1.177110471,1.088239104,5.051327757,20.04015051,0,-2.168404345e-13,False,21.19743953,4.82691833,4.25,10,4,False,FIRST_ORDER_PARAXIAL_ONLY,BLOCKED_CALIBRATION_REQUIRED
chick_30_45d,30–45 day chick,120,8.333333333,3,11.7,1.336,0,fixed_focal_object_distance_source_sizing,8.5,117.6470588,2,8.75748503,3.459024635,116.5409754,-1.050898204,1.020605847,2.041211694,0.9123512653,0.6537535177,4.797050444,18.07334139,0,-2.168404345e-13,False,22.1867662,5.31745818,4.25,10,4,False,FIRST_ORDER_PARAXIAL_ONLY,BLOCKED_CALIBRATION_REQUIRED
chick_30_45d,30–45 day chick,60,16.66666667,3,11.7,1.336,0,fixed_focal_object_distance_source_sizing,8.5,117.6470588,2.5,8.75748503,3.459024635,56.54097536,-0.5254491018,0.4951567453,1.237891863,3.353527736,8.832704201,8.065275683,51.0891074,0,0,False,17.58644246,3.263472551,3.4,10,4,False,FIRST_ORDER_PARAXIAL_ONLY,BLOCKED_CALIBRATION_REQUIRED
chick_30_45d,30–45 day chick,70,14.28571429,3,11.7,1.336,0,fixed_focal_object_distance_source_sizing,8.5,117.6470588,2.5,8.75748503,3.459024635,66.54097536,-0.6130239521,0.5827315956,1.456828989,2.517309488,4.976948041,7.2702363,41.5132691,0,0,False,18.87854738,3.783226924,3.4,10,4,False,FIRST_ORDER_PARAXIAL_ONLY,BLOCKED_CALIBRATION_REQUIRED
chick_30_45d,30–45 day chick,80,12.5,3,11.7,1.336,0,fixed_focal_object_distance_source_sizing,8.5,117.6470588,2.5,8.75748503,3.459024635,76.54097536,-0.7005988024,0.6703064459,1.675766115,1.890145802,2.805953654,6.673956762,34.98296848,0,-2.168404345e-13,False,20.15102966,4.337894935,3.4,10,4,False,FIRST_ORDER_PARAXIAL_ONLY,BLOCKED_CALIBRATION_REQUIRED
chick_30_45d,30–45 day chick,90,11.11111111,3,11.7,1.336,0,fixed_focal_object_distance_source_sizing,8.5,117.6470588,2.5,8.75748503,3.459024635,86.54097536,-0.7881736527,0.7578812962,1.894703241,1.402351824,1.544556675,6.210183789,30.28996613,0,0,False,21.40310694,4.926610462,3.4,10,4,False,FIRST_ORDER_PARAXIAL_ONLY,BLOCKED_CALIBRATION_REQUIRED
chick_30_45d,30–45 day chick,100,10,3,11.7,1.336,0,fixed_focal_object_distance_source_sizing,8.5,117.6470588,2.5,8.75748503,3.459024635,96.54097536,-0.875748503,0.8454561465,2.113640366,1.012116642,0.8045462461,5.83916541,26.77882008,0,2.168404345e-13,False,22.63409959,5.548484635,3.4,10,4,False,FIRST_ORDER_PARAXIAL_ONLY,BLOCKED_CALIBRATION_REQUIRED
chick_30_45d,30–45 day chick,110,9.090909091,3,11.7,1.336,0,fixed_focal_object_distance_source_sizing,8.5,117.6470588,2.5,8.75748503,3.459024635,106.5409754,-0.9633233533,0.9330309968,2.332577492,0.6928333105,0.3770052525,5.535604918,24.06689451,0,-2.168404345e-13,False,23.84342847,6.202611133,3.4,10,4,False,FIRST_ORDER_PARAXIAL_ONLY,BLOCKED_CALIBRATION_REQUIRED
chick_30_45d,30–45 day chick,120,8.333333333,3,11.7,1.336,0,fixed_focal_object_distance_source_sizing,8.5,117.6470588,2.5,8.75748503,3.459024635,116.5409754,-1.050898204,1.020605847,2.551514618,0.4267638679,0.1430425247,5.282637841,21.91752737,0,0,False,25.03061175,6.888071214,3.4,10,4,False,FIRST_ORDER_PARAXIAL_ONLY,BLOCKED_CALIBRATION_REQUIRED
chick_30_45d,30–45 day chick,60,16.66666667,3,11.7,1.336,0,fixed_focal_object_distance_source_sizing,8.5,117.6470588,3,8.75748503,3.459024635,56.54097536,-0.5254491018,0.4951567453,1.485470236,2.882352941,6.52505533,8.536450478,57.23273916,0,0,False,19.09040506,3.872587427,2.833333333,10,4,False,FIRST_ORDER_PARAXIAL_ONLY,BLOCKED_CALIBRATION_REQUIRED
chick_30_45d,30–45 day chick,70,14.28571429,3,11.7,1.336,0,fixed_focal_object_distance_source_sizing,8.5,117.6470588,3,8.75748503,3.459024635,66.54097536,-0.6130239521,0.5827315956,1.748194787,2.042016807,3.274978896,7.745528981,47.11856417,0,0,False,20.61095478,4.549116239,2.833333333,10,4,False,FIRST_ORDER_PARAXIAL_ONLY,BLOCKED_CALIBRATION_REQUIRED
chick_30_45d,30–45 day chick,80,12.5,3,11.7,1.336,0,fixed_focal_object_distance_source_sizing,8.5,117.6470588,3,8.75748503,3.459024635,76.54097536,-0.7005988024,0.6703064459,2.010919338,1.411764706,1.565361045,7.152337858,40.17777884,0,0,False,22.10175207,5.274208051,2.833333333,10,4,False,FIRST_ORDER_PARAXIAL_ONLY,BLOCKED_CALIBRATION_REQUIRED
chick_30_45d,30–45 day chick,90,11.11111111,3,11.7,1.336,0,fixed_focal_object_distance_source_sizing,8.5,117.6470588,3,8.75748503,3.459024635,86.54097536,-0.7881736527,0.7578812962,2.273643889,0.9215686275,0.6670298127,6.690966985,35.16152116,0,0,False,23.56170367,6.046312241,2.833333333,10,4,False,FIRST_ORDER_PARAXIAL_ONLY,BLOCKED_CALIBRATION_REQUIRED
chick_30_45d,30–45 day chick,100,10,3,11.7,1.336,0,fixed_focal_object_distance_source_sizing,8.5,117.6470588,3,8.75748503,3.459024635,96.54097536,-0.875748503,0.8454561465,2.53636844,0.5294117647,0.220128897,6.321870287,31.38925749,0,-2.168404345e-13,False,24.98992105,6.863847927,2.833333333,10,4,False,FIRST_ORDER_PARAXIAL_ONLY,BLOCKED_CALIBRATION_REQUIRED
chick_30_45d,30–45 day chick,110,9.090909091,3,11.7,1.336,0,fixed_focal_object_distance_source_sizing,8.5,117.6470588,3,8.75748503,3.459024635,106.5409754,-0.9633233533,0.9330309968,2.79909299,0.2085561497,0.03416141744,6.019882079,28.46202853,0,-2.168404345e-13,False,26.38571141,7.725216007,2.833333333,10,4,False,FIRST_ORDER_PARAXIAL_ONLY,BLOCKED_CALIBRATION_REQUIRED
chick_30_45d,30–45 day chick,120,8.333333333,3,11.7,1.336,0,fixed_focal_object_distance_source_sizing,8.5,117.6470588,3,8.75748503,3.459024635,116.5409754,-1.050898204,1.020605847,3.061817541,0,0,5.768225239,26.13209945,30.90877069,0,True,27.74856683,8.628810237,2.833333333,10,4,False,FIRST_ORDER_PARAXIAL_ONLY,BLOCKED_CALIBRATION_REQUIRED
chick_30_45d,30–45 day chick,60,16.66666667,3,11.7,1.336,0,fixed_focal_object_distance_source_sizing,8.5,117.6470588,3.5,8.75748503,3.459024635,56.54097536,-0.5254491018,0.4951567453,1.733048609,2.411178146,4.566132177,9.007625272,63.72509665,0,-2.168404345e-13,False,20.56753532,4.528928062,2.428571429,10,4,False,FIRST_ORDER_PARAXIAL_ONLY,BLOCKED_CALIBRATION_REQUIRED
chick_30_45d,30–45 day chick,70,14.28571429,3,11.7,1.336,0,fixed_focal_object_distance_source_sizing,8.5,117.6470588,3.5,8.75748503,3.459024635,66.54097536,-0.6130239521,0.5827315956,2.039560585,1.566724126,1.927857563,8.220821662,53.07870705,0,0,False,22.30484894,5.377877884,2.428571429,10,4,False,FIRST_ORDER_PARAXIAL_ONLY,BLOCKED_CALIBRATION_REQUIRED
chick_30_45d,30–45 day chick,80,12.5,3,11.7,1.336,0,fixed_focal_object_distance_source_sizing,8.5,117.6470588,3.5,8.75748503,3.459024635,76.54097536,-0.7005988024,0.6703064459,2.346072561,0.9333836099,0.684242778,7.630718954,45.73206354,0,0,False,24.00000348,6.290521074,2.428571429,10,4,False,FIRST_ORDER_PARAXIAL_ONLY,BLOCKED_CALIBRATION_REQUIRED
chick_30_45d,30–45 day chick,90,11.11111111,3,11.7,1.336,0,fixed_focal_object_distance_source_sizing,8.5,117.6470588,3.5,8.75748503,3.459024635,86.54097536,-0.7881736527,0.7578812962,2.652584537,0.440785431,0.1525964199,7.171750182,40.39616966,0,0,False,25.65165741,7.264340104,2.428571429,10,4,False,FIRST_ORDER_PARAXIAL_ONLY,BLOCKED_CALIBRATION_REQUIRED
chick_30_45d,30–45 day chick,100,10,3,11.7,1.336,0,fixed_focal_object_distance_source_sizing,8.5,117.6470588,3.5,8.75748503,3.459024635,96.54097536,-0.875748503,0.8454561465,2.959096513,0.04670688788,0.001713372307,6.804575163,36.36569673,0,0,False,27.25882579,8.296790027,2.428571429,10,4,False,FIRST_ORDER_PARAXIAL_ONLY,BLOCKED_CALIBRATION_REQUIRED
chick_30_45d,30–45 day chick,110,9.090909091,3,11.7,1.336,0,fixed_focal_object_distance_source_sizing,8.5,117.6470588,3.5,8.75748503,3.459024635,106.5409754,-0.9633233533,0.9330309968,3.265608489,0,0,6.504159239,33.22555256,132.8042445,0,True,28.82085563,9.385321558,2.428571429,10,4,False,FIRST_ORDER_PARAXIAL_ONLY,BLOCKED_CALIBRATION_REQUIRED
chick_30_45d,30–45 day chick,120,8.333333333,3,11.7,1.336,0,fixed_focal_object_distance_source_sizing,8.5,117.6470588,3.5,8.75748503,3.459024635,116.5409754,-1.050898204,1.020605847,3.572120465,0,0,6.253812636,30.71705764,286.0602325,2.168404345e-13,True,30.33739818,10.52740149,2.428571429,10,4,False,FIRST_ORDER_PARAXIAL_ONLY,BLOCKED_CALIBRATION_REQUIRED
child_6y,6-year-old child,60,16.66666667,6,23,1.336,0,fixed_focal_object_distance_source_sizing,13.5,74.07407407,2,17.21556886,15.98711755,44.01288245,-1.032934132,0.7577068086,1.515413617,4.341599571,14.80435234,7.275791734,41.57673674,0,0,False,15.55048923,2.529967388,6.75,10,4,False,FIRST_ORDER_PARAXIAL_ONLY,BLOCKED_CALIBRATION_REQUIRED
child_6y,6-year-old child,70,14.28571429,6,23,1.336,0,fixed_focal_object_distance_source_sizing,13.5,74.07407407,2,17.21556886,15.98711755,54.01288245,-1.20508982,0.9298624972,1.859724994,3.435656775,9.270633733,6.5221072,33.40917466,0,0,False,16.60846106,2.898318299,6.75,10,4,False,FIRST_ORDER_PARAXIAL_ONLY,BLOCKED_CALIBRATION_REQUIRED
child_6y,6-year-old child,80,12.5,6,23,1.336,0,fixed_focal_object_distance_source_sizing,13.5,74.07407407,2,17.21556886,15.98711755,64.01288245,-1.377245509,1.102018186,2.204036372,2.756199678,5.966384484,5.9568438,27.86905905,0,0,False,17.65490727,3.28993772,6.75,10,4,False,FIRST_ORDER_PARAXIAL_ONLY,BLOCKED_CALIBRATION_REQUIRED
child_6y,6-year-old child,90,11.11111111,6,23,1.336,0,fixed_focal_object_distance_source_sizing,13.5,74.07407407,2,17.21556886,15.98711755,74.01288245,-1.549401198,1.274173874,2.548347749,2.227733047,3.897769708,5.517194489,23.90707637,0,0,False,18.68932875,3.704411047,6.75,10,4,False,FIRST_ORDER_PARAXIAL_ONLY,BLOCKED_CALIBRATION_REQUIRED
child_6y,6-year-old child,100,10,6,23,1.336,0,fixed_focal_object_distance_source_sizing,13.5,74.07407407,2,17.21556886,15.98711755,84.01288245,-1.721556886,1.446329563,2.892659126,1.804959742,2.558732711,5.16547504,20.95609778,0,4.33680869e-13,False,19.71126916,4.141309914,6.75,10,4,False,FIRST_ORDER_PARAXIAL_ONLY,BLOCKED_CALIBRATION_REQUIRED
child_6y,6-year-old child,110,9.090909091,6,23,1.336,0,fixed_focal_object_distance_source_sizing,13.5,74.07407407,2,17.21556886,15.98711755,94.01288245,-1.893712575,1.618485252,3.236970503,1.459054311,1.67198662,4.877704582,18.68619467,0,0,False,20.7203148,4.600194049,6.75,10,4,False,FIRST_ORDER_PARAXIAL_ONLY,BLOCKED_CALIBRATION_REQUIRED
child_6y,6-year-old child,120,8.333333333,6,23,1.336,0,fixed_focal_object_distance_source_sizing,13.5,74.07407407,2,17.21556886,15.98711755,104.0128824,-2.065868263,1.79064094,3.581281881,1.170799785,1.076601919,4.637895867,16.89397581,0,4.33680869e-13,False,21.71609435,5.080613097,6.75,10,4,False,FIRST_ORDER_PARAXIAL_ONLY,BLOCKED_CALIBRATION_REQUIRED
child_6y,6-year-old child,60,16.66666667,6,23,1.336,0,fixed_focal_object_distance_source_sizing,13.5,74.07407407,3,17.21556886,15.98711755,44.01288245,-1.032934132,0.7577068086,2.273120426,3.60805153,10.22434144,8.009339775,50.38291804,0,0,False,18.27736605,3.536040598,4.5,10,4,False,FIRST_ORDER_PARAXIAL_ONLY,BLOCKED_CALIBRATION_REQUIRED
child_6y,6-year-old child,70,14.28571429,6,23,1.336,0,fixed_focal_object_distance_source_sizing,13.5,74.07407407,3,17.21556886,15.98711755,54.01288245,-1.20508982,0.9298624972,2.789587492,2.664044168,5.574073913,7.293719807,41.7818853,0,0,False,19.8130871,4.186361329,4.5,10,4,False,FIRST_ORDER_PARAXIAL_ONLY,BLOCKED_CALIBRATION_REQUIRED
child_6y,6-year-old child,80,12.5,6,23,1.336,0,fixed_focal_object_distance_source_sizing,13.5,74.07407407,3,17.21556886,15.98711755,64.01288245,-1.377245509,1.102018186,3.306054558,1.956038647,3.005001852,6.757004831,35.85901371,0,0,False,21.31971675,4.886045895,4.5,10,4,False,FIRST_ORDER_PARAXIAL_ONLY,BLOCKED_CALIBRATION_REQUIRED
child_6y,6-year-old child,90,11.11111111,6,23,1.336,0,fixed_focal_object_distance_source_sizing,13.5,74.07407407,3,17.21556886,15.98711755,74.01288245,-1.549401198,1.274173874,3.822521623,1.405367687,1.551207188,6.33955985,31.56516718,0,0,False,22.79605099,5.633564759,4.5,10,4,False,FIRST_ORDER_PARAXIAL_ONLY,BLOCKED_CALIBRATION_REQUIRED
child_6y,6-year-old child,100,10,6,23,1.336,0,fixed_focal_object_distance_source_sizing,13.5,74.07407407,3,17.21556886,15.98711755,84.01288245,-1.721556886,1.446329563,4.338988689,0.9648309179,0.7311261294,6.005603865,28.32717373,0,0,False,24.24109435,6.427351432,4.5,10,4,False,FIRST_ORDER_PARAXIAL_ONLY,BLOCKED_CALIBRATION_REQUIRED
child_6y,6-year-old child,110,9.090909091,6,23,1.336,0,fixed_focal_object_distance_source_sizing,13.5,74.07407407,3,17.21556886,15.98711755,94.01288245,-1.893712575,1.618485252,4.855455755,0.6043917435,0.2868976079,5.73236715,25.80820968,0,-4.33680869e-13,False,25.6540521,7.265814972,4.5,10,4,False,FIRST_ORDER_PARAXIAL_ONLY,BLOCKED_CALIBRATION_REQUIRED
child_6y,6-year-old child,120,8.333333333,6,23,1.336,0,fixed_focal_object_distance_source_sizing,13.5,74.07407407,3,17.21556886,15.98711755,104.0128824,-2.065868263,1.79064094,5.371922821,0.3040257649,0.0725956605,5.504669887,23.7986565,0,0,False,27.03432032,8.147351581,4.5,10,4,False,FIRST_ORDER_PARAXIAL_ONLY,BLOCKED_CALIBRATION_REQUIRED
child_6y,6-year-old child,60,16.66666667,6,23,1.336,0,fixed_focal_object_distance_source_sizing,13.5,74.07407407,4,17.21556886,15.98711755,44.01288245,-1.032934132,0.7577068086,3.030827234,2.874503489,6.489564625,8.742887815,60.03433342,0,0,False,20.92118714,4.69487497,3.375,10,4,False,FIRST_ORDER_PARAXIAL_ONLY,BLOCKED_CALIBRATION_REQUIRED
child_6y,6-year-old child,70,14.28571429,6,23,1.336,0,fixed_focal_object_distance_source_sizing,13.5,74.07407407,4,17.21556886,15.98711755,54.01288245,-1.20508982,0.9298624972,3.719449989,1.892431562,2.812744257,8.065332413,51.08982611,0,-4.33680869e-13,False,22.89368376,5.685228106,3.375,10,4,False,FIRST_ORDER_PARAXIAL_ONLY,BLOCKED_CALIBRATION_REQUIRED
child_6y,6-year-old child,80,12.5,6,23,1.336,0,fixed_focal_object_distance_source_sizing,13.5,74.07407407,4,17.21556886,15.98711755,64.01288245,-1.377245509,1.102018186,4.408072743,1.155877617,1.049333623,7.557165862,44.85468276,0,-4.33680869e-13,False,24.81046977,6.757644364,3.375,10,4,False,FIRST_ORDER_PARAXIAL_ONLY,BLOCKED_CALIBRATION_REQUIRED
child_6y,6-year-old child,90,11.11111111,6,23,1.336,0,fixed_focal_object_distance_source_sizing,13.5,74.07407407,4,17.21556886,15.98711755,74.01288245,-1.549401198,1.274173874,5.096695498,0.583002326,0.2669503265,7.16192521,40.28556365,0,-4.33680869e-13,False,26.66976688,7.908345748,3.375,10,4,False,FIRST_ORDER_PARAXIAL_ONLY,BLOCKED_CALIBRATION_REQUIRED
child_6y,6-year-old child,100,10,6,23,1.336,0,fixed_focal_object_distance_source_sizing,13.5,74.07407407,4,17.21556886,15.98711755,84.01288245,-1.721556886,1.446329563,5.785318252,0.1247020934,0.01221342218,6.845732689,36.80694355,0,0,False,28.47038513,9.13352701,3.375,10,4,False,FIRST_ORDER_PARAXIAL_ONLY,BLOCKED_CALIBRATION_REQUIRED
child_6y,6-year-old child,110,9.090909091,6,23,1.336,0,fixed_focal_object_distance_source_sizing,13.5,74.07407407,4,17.21556886,15.98711755,94.01288245,-1.893712575,1.618485252,6.473941007,0,0,6.587029717,34.07760989,236.9705034,0,True,30.21167126,10.42939775,3.375,10,4,False,FIRST_ORDER_PARAXIAL_ONLY,BLOCKED_CALIBRATION_REQUIRED
child_6y,6-year-old child,120,8.333333333,6,23,1.336,0,fixed_focal_object_distance_source_sizing,13.5,74.07407407,4,17.21556886,15.98711755,104.0128824,-2.065868263,1.79064094,7.162563761,0,0,6.371443908,31.88347207,581.2818807,0,True,31.89345223,11.79221849,3.375,10,4,False,FIRST_ORDER_PARAXIAL_ONLY,BLOCKED_CALIBRATION_REQUIRED
child_6y,6-year-old child,60,16.66666667,6,23,1.336,0,fixed_focal_object_distance_source_sizing,13.5,74.07407407,5,17.21556886,15.98711755,44.01288245,-1.032934132,0.7577068086,3.788534043,2.140955448,3.600021889,9.476435856,70.53098288,0,0,False,23.47497245,5.998677373,2.7,10,4,False,FIRST_ORDER_PARAXIAL_ONLY,BLOCKED_CALIBRATION_REQUIRED
child_6y,6-year-old child,70,14.28571429,6,23,1.336,0,fixed_focal_object_distance_source_sizing,13.5,74.07407407,5,17.21556886,15.98711755,54.01288245,-1.20508982,0.9298624972,4.649312486,1.120818956,0.9866447649,8.83694502,61.33299708,0,0,False,25.84058552,7.381271473,2.7,10,4,False,FIRST_ORDER_PARAXIAL_ONLY,BLOCKED_CALIBRATION_REQUIRED
child_6y,6-year-old child,80,12.5,6,23,1.336,0,fixed_focal_object_distance_source_sizing,13.5,74.07407407,5,17.21556886,15.98711755,64.01288245,-1.377245509,1.102018186,5.510090929,0.3557165862,0.09937979871,8.357326892,54.85606622,0,0,False,28.11528152,8.882915626,2.7,10,4,False,FIRST_ORDER_PARAXIAL_ONLY,BLOCKED_CALIBRATION_REQUIRED
child_6y,6-year-old child,90,11.11111111,6,23,1.336,0,fixed_focal_object_distance_source_sizing,13.5,74.07407407,5,17.21556886,15.98711755,74.01288245,-1.549401198,1.274173874,6.370869372,0,0,7.984290571,50.06826577,185.4346862,-4.33680869e-13,True,30.29744823,10.49619422,2.7,10,4,False,FIRST_ORDER_PARAXIAL_ONLY,BLOCKED_CALIBRATION_REQUIRED
child_6y,6-year-old child,100,10,6,23,1.336,0,fixed_focal_object_distance_source_sizing,13.5,74.07407407,5,17.21556886,15.98711755,84.01288245,-1.721556886,1.446329563,7.231647815,0,0,7.685861514,46.39540725,615.8239077,4.33680869e-13,True,32.38667332,12.21379811,2.7,10,4,False,FIRST_ORDER_PARAXIAL_ONLY,BLOCKED_CALIBRATION_REQUIRED
child_6y,6-year-old child,110,9.090909091,6,23,1.336,0,fixed_focal_object_distance_source_sizing,13.5,74.07407407,5,17.21556886,15.98711755,94.01288245,-1.893712575,1.618485252,8.092426259,0,0,7.441692285,43.4943953,1046.213129,0,True,34.38356617,14.0286176,2.7,10,4,False,FIRST_ORDER_PARAXIAL_ONLY,BLOCKED_CALIBRATION_REQUIRED
child_6y,6-year-old child,120,8.333333333,6,23,1.336,0,fixed_focal_object_distance_source_sizing,13.5,74.07407407,5,17.21556886,15.98711755,104.0128824,-2.065868263,1.79064094,8.953204702,0,0,7.238217928,41.14842253,1476.602351,0,True,36.28958024,15.9338132,2.7,10,4,False,FIRST_ORDER_PARAXIAL_ONLY,BLOCKED_CALIBRATION_REQUIRED
child_6y,6-year-old child,60,16.66666667,6,23,1.336,0,fixed_focal_object_distance_source_sizing,15.1,66.22516556,2,17.21556886,8.138209041,51.86179096,-1.032934132,0.8928302336,1.785660467,4.079969287,13.07385515,7.537422017,44.62061433,0,0,False,15.96702582,2.671725182,7.55,10,4,False,FIRST_ORDER_PARAXIAL_ONLY,BLOCKED_CALIBRATION_REQUIRED
child_6y,6-year-old child,70,14.28571429,6,23,1.336,0,fixed_focal_object_distance_source_sizing,15.1,66.22516556,2,17.21556886,8.138209041,61.86179096,-1.20508982,1.064985922,2.129971844,3.211402246,8.099893243,6.746361729,35.74613809,0,0,False,17.02053669,3.049256184,7.55,10,4,False,FIRST_ORDER_PARAXIAL_ONLY,BLOCKED_CALIBRATION_REQUIRED
child_6y,6-year-old child,80,12.5,6,23,1.336,0,fixed_focal_object_distance_source_sizing,15.1,66.22516556,2,17.21556886,8.138209041,71.86179096,-1.377245509,1.237141611,2.474283222,2.559976965,5.147092775,6.153066513,29.73535316,0,0,False,18.06232099,3.449894747,7.55,10,4,False,FIRST_ORDER_PARAXIAL_ONLY,BLOCKED_CALIBRATION_REQUIRED
child_6y,6-year-old child,90,11.11111111,6,23,1.336,0,fixed_focal_object_distance_source_sizing,15.1,66.22516556,2,17.21556886,8.138209041,81.86179096,-1.549401198,1.409297299,2.818594599,2.053312858,3.311312243,5.691614678,25.44256325,0,0,False,19.09189637,3.873220642,7.55,10,4,False,FIRST_ORDER_PARAXIAL_ONLY,BLOCKED_CALIBRATION_REQUIRED
child_6y,6-year-old child,100,10,6,23,1.336,0,fixed_focal_object_distance_source_sizing,15.1,66.22516556,2,17.21556886,8.138209041,91.86179096,-1.721556886,1.581452988,3.162905976,1.647981572,2.13301831,5.32245321,22.24915829,0,0,False,20.10882325,4.318800612,7.55,10,4,False,FIRST_ORDER_PARAXIAL_ONLY,BLOCKED_CALIBRATION_REQUIRED
child_6y,6-year-old child,110,9.090909091,6,23,1.336,0,fixed_focal_object_distance_source_sizing,15.1,66.22516556,2,17.21556886,8.138209041,101.861791,-1.893712575,1.753608677,3.507217353,1.316346884,1.360913683,5.02041201,19.79559687,0,0,False,21.11270462,4.786190215,7.55,10,4,False,FIRST_ORDER_PARAXIAL_ONLY,BLOCKED_CALIBRATION_REQUIRED
child_6y,6-year-old child,120,8.333333333,6,23,1.336,0,fixed_focal_object_distance_source_sizing,15.1,66.22516556,2,17.21556886,8.138209041,111.861791,-2.065868263,1.925764365,3.851528731,1.039984643,0.8494615668,4.768711009,17.86042915,0,0,False,22.1031856,5.27493562,7.55,10,4,False,FIRST_ORDER_PARAXIAL_ONLY,BLOCKED_CALIBRATION_REQUIRED
child_6y,6-year-old child,60,16.66666667,6,23,1.336,0,fixed_focal_object_distance_source_sizing,15.1,66.22516556,3,17.21556886,8.138209041,51.86179096,-1.032934132,0.8928302336,2.678490701,3.215606104,8.121113313,8.4017852,55.44125207,0,-4.33680869e-13,False,18.88343513,3.785275257,5.033333333,10,4,False,FIRST_ORDER_PARAXIAL_ONLY,BLOCKED_CALIBRATION_REQUIRED
child_6y,6-year-old child,70,14.28571429,6,23,1.336,0,fixed_focal_object_distance_source_sizing,15.1,66.22516556,3,17.21556886,8.138209041,61.86179096,-1.20508982,1.064985922,3.194957767,2.327662375,4.255296778,7.6301016,45.72466404,0,4.33680869e-13,False,20.40789651,4.45514804,5.033333333,10,4,False,FIRST_ORDER_PARAXIAL_ONLY,BLOCKED_CALIBRATION_REQUIRED
child_6y,6-year-old child,80,12.5,6,23,1.336,0,fixed_focal_object_distance_source_sizing,15.1,66.22516556,3,17.21556886,8.138209041,71.86179096,-1.377245509,1.237141611,3.711424832,1.661704578,2.168690186,7.0513389,39.05108076,0,0,False,21.90276872,5.173789634,5.033333333,10,4,False,FIRST_ORDER_PARAXIAL_ONLY,BLOCKED_CALIBRATION_REQUIRED
child_6y,6-year-old child,90,11.11111111,6,23,1.336,0,fixed_focal_object_distance_source_sizing,15.1,66.22516556,3,17.21556886,8.138209041,81.86179096,-1.549401198,1.409297299,4.227891898,1.143737403,1.02740702,6.601190133,34.22428353,0,0,False,23.36693036,5.939654461,5.033333333,10,4,False,FIRST_ORDER_PARAXIAL_ONLY,BLOCKED_CALIBRATION_REQUIRED
child_6y,6-year-old child,100,10,6,23,1.336,0,fixed_focal_object_distance_source_sizing,15.1,66.22516556,3,17.21556886,8.138209041,91.86179096,-1.721556886,1.581452988,4.744358964,0.7293636625,0.417809323,6.24107112,30.5920193,0,-4.33680869e-13,False,24.79946581,6.751164991,5.033333333,10,4,False,FIRST_ORDER_PARAXIAL_ONLY,BLOCKED_CALIBRATION_REQUIRED
child_6y,6-year-old child,110,9.090909091,6,23,1.336,0,fixed_focal_object_distance_source_sizing,15.1,66.22516556,3,17.21556886,8.138209041,101.861791,-1.893712575,1.753608677,5.26082603,0.3903306023,0.119661677,5.946428291,27.77168646,0,4.33680869e-13,False,26.19965652,7.606723908,5.033333333,10,4,False,FIRST_ORDER_PARAXIAL_ONLY,BLOCKED_CALIBRATION_REQUIRED
child_6y,6-year-old child,120,8.333333333,6,23,1.336,0,fixed_focal_object_distance_source_sizing,15.1,66.22516556,3,17.21556886,8.138209041,111.861791,-2.065868263,1.925764365,5.777293096,0.1078030521,0.009127503221,5.7008926,25.52557888,0,0,False,27.56697033,8.504725322,5.033333333,10,4,False,FIRST_ORDER_PARAXIAL_ONLY,BLOCKED_CALIBRATION_REQUIRED
child_6y,6-year-old child,60,16.66666667,6,23,1.336,0,fixed_focal_object_distance_source_sizing,15.1,66.22516556,4,17.21556886,8.138209041,51.86179096,-1.032934132,0.8928302336,3.571320934,2.351242922,4.341950656,9.266148383,67.435469,0,0,False,21.70178653,5.073512479,3.775,10,4,False,FIRST_ORDER_PARAXIAL_ONLY,BLOCKED_CALIBRATION_REQUIRED
child_6y,6-year-old child,70,14.28571429,6,23,1.336,0,fixed_focal_object_distance_source_sizing,15.1,66.22516556,4,17.21556886,8.138209041,61.86179096,-1.20508982,1.064985922,4.259943689,1.443922504,1.637486211,8.513841471,56.9299759,0,0,False,23.65267129,6.096517638,3.775,10,4,False,FIRST_ORDER_PARAXIAL_ONLY,BLOCKED_CALIBRATION_REQUIRED
child_6y,6-year-old child,80,12.5,6,23,1.336,0,fixed_focal_object_distance_source_sizing,15.1,66.22516556,4,17.21556886,8.138209041,71.86179096,-1.377245509,1.237141611,4.948566443,0.7634321912,0.4577525988,7.949611287,49.63427336,0,-4.33680869e-13,False,25.54707442,7.200109447,3.775,10,4,False,FIRST_ORDER_PARAXIAL_ONLY,BLOCKED_CALIBRATION_REQUIRED
child_6y,6-year-old child,90,11.11111111,6,23,1.336,0,fixed_focal_object_distance_source_sizing,15.1,66.22516556,4,17.21556886,8.138209041,81.86179096,-1.549401198,1.409297299,5.637189198,0.2341619477,0.04306480897,7.510765589,44.30556682,0,-4.33680869e-13,False,27.38345423,8.380493816,3.775,10,4,False,FIRST_ORDER_PARAXIAL_ONLY,BLOCKED_CALIBRATION_REQUIRED
child_6y,6-year-old child,100,10,6,23,1.336,0,fixed_focal_object_distance_source_sizing,15.1,66.22516556,4,17.21556886,8.138209041,91.86179096,-1.721556886,1.581452988,6.325811952,0,0,7.15968903,40.26041071,162.9059761,-4.33680869e-13,True,29.16083787,9.633866637,3.775,10,4,False,FIRST_ORDER_PARAXIAL_ONLY,BLOCKED_CALIBRATION_REQUIRED
child_6y,6-year-old child,110,9.090909091,6,23,1.336,0,fixed_focal_object_distance_source_sizing,15.1,66.22516556,4,17.21556886,8.138209041,101.861791,-1.893712575,1.753608677,7.014434707,0,0,6.872444572,37.09474356,507.2173534,0,True,30.87876747,10.95645353,3.775,10,4,False,FIRST_ORDER_PARAXIAL_ONLY,BLOCKED_CALIBRATION_REQUIRED
child_6y,6-year-old child,120,8.333333333,6,23,1.336,0,fixed_focal_object_distance_source_sizing,15.1,66.22516556,4,17.21556886,8.138209041,111.861791,-2.065868263,1.925764365,7.703057461,0,0,6.633074191,34.55569175,851.5287306,-4.33680869e-13,True,32.53724242,12.34454351,3.775,10,4,False,FIRST_ORDER_PARAXIAL_ONLY,BLOCKED_CALIBRATION_REQUIRED
child_6y,6-year-old child,60,16.66666667,6,23,1.336,0,fixed_focal_object_distance_source_sizing,15.1,66.22516556,5,17.21556886,8.138209041,51.86179096,-1.032934132,0.8928302336,4.464151168,1.486879739,1.73636718,10.13051157,80.60326511,0,4.33680869e-13,False,24.41402711,6.526602597,3.02,10,4,False,FIRST_ORDER_PARAXIAL_ONLY,BLOCKED_CALIBRATION_REQUIRED
child_6y,6-year-old child,70,14.28571429,6,23,1.336,0,fixed_focal_object_distance_source_sizing,15.1,66.22516556,5,17.21556886,8.138209041,61.86179096,-1.20508982,1.064985922,5.324929611,0.5601826334,0.2464615429,9.397581342,69.36207365,0,-4.33680869e-13,False,26.74423625,7.956803644,3.02,10,4,False,FIRST_ORDER_PARAXIAL_ONLY,BLOCKED_CALIBRATION_REQUIRED
child_6y,6-year-old child,80,12.5,6,23,1.336,0,fixed_focal_object_distance_source_sizing,15.1,66.22516556,5,17.21556886,8.138209041,71.86179096,-1.377245509,1.237141611,6.185708054,0,0,8.847883674,61.48493096,92.85402705,0,True,28.98274146,9.503138723,3.02,10,4,False,FIRST_ORDER_PARAXIAL_ONLY,BLOCKED_CALIBRATION_REQUIRED
child_6y,6-year-old child,90,11.11111111,6,23,1.336,0,fixed_focal_object_distance_source_sizing,15.1,66.22516556,5,17.21556886,8.138209041,81.86179096,-1.549401198,1.409297299,7.046486497,0,0,8.420341044,55.68641312,523.2432486,0,True,31.12842227,11.15822146,3.02,10,4,False,FIRST_ORDER_PARAXIAL_ONLY,BLOCKED_CALIBRATION_REQUIRED
child_6y,6-year-old child,100,10,6,23,1.336,0,fixed_focal_object_distance_source_sizing,15.1,66.22516556,5,17.21556886,8.138209041,91.86179096,-1.721556886,1.581452988,7.90726494,0,0,8.078306939,51.25433252,953.6324702,0,True,33.18128876,12.91481116,3.02,10,4,False,FIRST_ORDER_PARAXIAL_ONLY,BLOCKED_CALIBRATION_REQUIRED
child_6y,6-year-old child,110,9.090909091,6,23,1.336,0,fixed_focal_object_distance_source_sizing,15.1,66.22516556,5,17.21556886,8.138209041,101.861791,-1.893712575,1.753608677,8.768043383,0,0,7.798460854,47.76476818,1384.021692,0,True,35.14230238,14.76589688,3.02,10,4,False,FIRST_ORDER_PARAXIAL_ONLY,BLOCKED_CALIBRATION_REQUIRED
child_6y,6-year-old child,120,8.333333333,6,23,1.336,0,fixed_focal_object_distance_source_sizing,15.1,66.22516556,5,17.21556886,8.138209041,111.861791,-2.065868263,1.925764365,9.628821827,0,0,7.565255783,44.95076774,1814.410913,-8.67361738e-13,True,37.01320105,16.70476009,3.02,10,4,False,FIRST_ORDER_PARAXIAL_ONLY,BLOCKED_CALIBRATION_REQUIRED
child_6y,6-year-old child,60,16.66666667,6,23,1.336,0,fixed_focal_object_distance_source_sizing,16.7,59.88023952,2,17.21556886,1.793282999,58.206717,-1.032934132,1.002061745,2.00412349,3.868471752,11.7535414,7.748919552,47.15982509,0,0,False,16.3024872,2.788967994,8.35,10,4,False,FIRST_ORDER_PARAXIAL_ONLY,BLOCKED_CALIBRATION_REQUIRED
child_6y,6-year-old child,70,14.28571429,6,23,1.336,0,fixed_focal_object_distance_source_sizing,16.7,59.88023952,2,17.21556886,1.793282999,68.206717,-1.20508982,1.174217433,2.348434867,3.030118645,7.2112267,6.92764533,37.69304058,0,0,False,17.35233269,3.173874428,8.35,10,4,False,FIRST_ORDER_PARAXIAL_ONLY,BLOCKED_CALIBRATION_REQUIRED
child_6y,6-year-old child,80,12.5,6,23,1.336,0,fixed_focal_object_distance_source_sizing,16.7,59.88023952,2,17.21556886,1.793282999,78.206717,-1.377245509,1.346373122,2.692746244,2.401353814,4.52899862,6.311689664,31.28824154,0,0,False,18.39029396,3.581756631,8.35,10,4,False,FIRST_ORDER_PARAXIAL_ONLY,BLOCKED_CALIBRATION_REQUIRED
child_6y,6-year-old child,90,11.11111111,6,23,1.336,0,fixed_focal_object_distance_source_sizing,16.7,59.88023952,2,17.21556886,1.793282999,88.206717,-1.549401198,1.518528811,3.037057621,1.912314501,2.872159263,5.832613035,26.7187545,0,0,False,19.41590223,4.012190039,8.35,10,4,False,FIRST_ORDER_PARAXIAL_ONLY,BLOCKED_CALIBRATION_REQUIRED
child_6y,6-year-old child,100,10,6,23,1.336,0,fixed_focal_object_distance_source_sizing,16.7,59.88023952,2,17.21556886,1.793282999,98.206717,-1.721556886,1.690684499,3.381368999,1.521083051,1.817170743,5.449351731,23.32273955,0,0,False,20.42873145,4.46473765,8.35,10,4,False,FIRST_ORDER_PARAXIAL_ONLY,BLOCKED_CALIBRATION_REQUIRED
child_6y,6-year-old child,110,9.090909091,6,23,1.336,0,fixed_focal_object_distance_source_sizing,16.7,59.88023952,2,17.21556886,1.793282999,108.206717,-1.893712575,1.862840188,3.725680376,1.200984592,1.132830029,5.135774301,20.7158015,0,0,False,21.42839804,4.938951849,8.35,10,4,False,FIRST_ORDER_PARAXIAL_ONLY,BLOCKED_CALIBRATION_REQUIRED
child_6y,6-year-old child,120,8.333333333,6,23,1.336,0,fixed_focal_object_distance_source_sizing,16.7,59.88023952,2,17.21556886,1.793282999,118.206717,-2.065868263,2.034995877,4.069991753,0.9342358761,0.6854929033,4.874459776,18.66134162,0,0,False,22.41456036,5.434376198,8.35,10,4,False,FIRST_ORDER_PARAXIAL_ONLY,BLOCKED_CALIBRATION_REQUIRED
child_6y,6-year-old child,60,16.66666667,6,23,1.336,0,fixed_focal_object_distance_source_sizing,16.7,59.88023952,3,17.21556886,1.793282999,58.206717,-1.032934132,1.002061745,3.006185234,2.898359802,6.597729058,8.719031502,59.7071546,0,0,False,19.37019267,3.992416027,5.566666667,10,4,False,FIRST_ORDER_PARAXIAL_ONLY,BLOCKED_CALIBRATION_REQUIRED
child_6y,6-year-old child,70,14.28571429,6,23,1.336,0,fixed_focal_object_distance_source_sizing,16.7,59.88023952,3,17.21556886,1.793282999,68.206717,-1.20508982,1.174217433,3.5226523,2.055736973,3.319135445,7.902027002,49.04185626,0,0,False,20.88540124,4.677925461,5.566666667,10,4,False,FIRST_ORDER_PARAXIAL_ONLY,BLOCKED_CALIBRATION_REQUIRED
child_6y,6-year-old child,80,12.5,6,23,1.336,0,fixed_focal_object_distance_source_sizing,16.7,59.88023952,3,17.21556886,1.793282999,78.206717,-1.377245509,1.346373122,4.039119366,1.423769852,1.592096789,7.289273627,41.73096117,0,0,False,22.37064214,5.41171761,5.566666667,10,4,False,FIRST_ORDER_PARAXIAL_ONLY,BLOCKED_CALIBRATION_REQUIRED
child_6y,6-year-old child,90,11.11111111,6,23,1.336,0,fixed_focal_object_distance_source_sizing,16.7,59.88023952,3,17.21556886,1.793282999,88.206717,-1.549401198,1.518528811,4.555586432,0.9322398681,0.6825669021,6.812687668,36.45245976,0,0,False,23.82486009,6.192235391,5.566666667,10,4,False,FIRST_ORDER_PARAXIAL_ONLY,BLOCKED_CALIBRATION_REQUIRED
child_6y,6-year-old child,100,10,6,23,1.336,0,fixed_focal_object_distance_source_sizing,16.7,59.88023952,3,17.21556886,1.793282999,98.206717,-1.721556886,1.690684499,5.072053498,0.5390158813,0.2281881061,6.431418901,32.48654132,0,0,False,25.24720302,7.017893722,5.566666667,10,4,False,FIRST_ORDER_PARAXIAL_ONLY,BLOCKED_CALIBRATION_REQUIRED
child_6y,6-year-old child,110,9.090909091,6,23,1.336,0,fixed_focal_object_distance_source_sizing,16.7,59.88023952,3,17.21556886,1.793282999,108.206717,-1.893712575,1.862840188,5.588520564,0.2172871648,0.03708156268,6.119471728,29.41153877,0,4.33680869e-13,False,26.63701274,7.8870914,5.566666667,10,4,False,FIRST_ORDER_PARAXIAL_ONLY,BLOCKED_CALIBRATION_REQUIRED
child_6y,6-year-old child,120,8.333333333,6,23,1.336,0,fixed_focal_object_distance_source_sizing,16.7,59.88023952,3,17.21556886,1.793282999,118.206717,-2.065868263,2.034995877,6.10498763,0,0,5.859515751,26.96580151,52.49381477,0,True,27.99381378,8.798221994,5.566666667,10,4,False,FIRST_ORDER_PARAXIAL_ONLY,BLOCKED_CALIBRATION_REQUIRED
child_6y,6-year-old child,60,16.66666667,6,23,1.336,0,fixed_focal_object_distance_source_sizing,16.7,59.88023952,4,17.21556886,1.793282999,58.206717,-1.032934132,1.002061745,4.008246979,1.928247852,2.920220154,9.689143452,73.73278754,0,4.33680869e-13,False,22.32669619,5.389100764,4.175,10,4,False,FIRST_ORDER_PARAXIAL_ONLY,BLOCKED_CALIBRATION_REQUIRED
child_6y,6-year-old child,70,14.28571429,6,23,1.336,0,fixed_focal_object_distance_source_sizing,16.7,59.88023952,4,17.21556886,1.793282999,68.206717,-1.20508982,1.174217433,4.696869734,1.081355302,0.9183890758,8.876408673,61.88201683,0,4.33680869e-13,False,24.2598659,6.438080233,4.175,10,4,False,FIRST_ORDER_PARAXIAL_ONLY,BLOCKED_CALIBRATION_REQUIRED
child_6y,6-year-old child,80,12.5,6,23,1.336,0,fixed_focal_object_distance_source_sizing,16.7,59.88023952,4,17.21556886,1.793282999,78.206717,-1.377245509,1.346373122,5.385492488,0.4461858891,0.1563585175,8.266857589,53.67484436,0,-8.67361738e-13,False,26.13600025,7.566446437,4.175,10,4,False,FIRST_ORDER_PARAXIAL_ONLY,BLOCKED_CALIBRATION_REQUIRED
child_6y,6-year-old child,90,11.11111111,6,23,1.336,0,fixed_focal_object_distance_source_sizing,16.7,59.88023952,4,17.21556886,1.793282999,88.206717,-1.549401198,1.518528811,6.074115243,0,0,7.792762301,47.69498759,37.05762128,0,True,27.95374349,8.770397434,4.175,10,4,False,FIRST_ORDER_PARAXIAL_ONLY,BLOCKED_CALIBRATION_REQUIRED
child_6y,6-year-old child,100,10,6,23,1.336,0,fixed_focal_object_distance_source_sizing,16.7,59.88023952,4,17.21556886,1.793282999,98.206717,-1.721556886,1.690684499,6.762737997,0,0,7.413486071,43.16530692,381.3689985,0,True,29.71229222,10.04613453,4.175,10,4,False,FIRST_ORDER_PARAXIAL_ONLY,BLOCKED_CALIBRATION_REQUIRED
child_6y,6-year-old child,110,9.090909091,6,23,1.336,0,fixed_focal_object_distance_source_sizing,16.7,59.88023952,4,17.21556886,1.793282999,108.206717,-1.893712575,1.862840188,7.451360752,0,0,7.103169156,39.6272738,725.6803758,-4.33680869e-13,True,31.41134,11.38990011,4.175,10,4,False,FIRST_ORDER_PARAXIAL_ONLY,BLOCKED_CALIBRATION_REQUIRED
child_6y,6-year-old child,120,8.333333333,6,23,1.336,0,fixed_focal_object_distance_source_sizing,16.7,59.88023952,4,17.21556886,1.793282999,118.206717,-2.065868263,2.034995877,8.139983506,0,0,6.844571726,36.79446048,1069.991753,0,True,33.05101894,12.79800934,4.175,10,4,False,FIRST_ORDER_PARAXIAL_ONLY,BLOCKED_CALIBRATION_REQUIRED
child_6y,6-year-old child,60,16.66666667,6,23,1.336,0,fixed_focal_object_distance_source_sizing,16.7,59.88023952,5,17.21556886,1.793282999,58.206717,-1.032934132,1.002061745,5.010308724,0.9581359021,0.7210146831,10.6592554,89.23672391,0,4.33680869e-13,False,25.1630895,6.967299626,3.34,10,4,False,FIRST_ORDER_PARAXIAL_ONLY,BLOCKED_CALIBRATION_REQUIRED
child_6y,6-year-old child,70,14.28571429,6,23,1.336,0,fixed_focal_object_distance_source_sizing,16.7,59.88023952,5,17.21556886,1.793282999,68.206717,-1.20508982,1.174217433,5.871087167,0.1069736304,0.008987592039,9.850790345,76.21352228,0,-4.33680869e-13,False,27.46440314,8.435148457,3.34,10,4,False,FIRST_ORDER_PARAXIAL_ONLY,BLOCKED_CALIBRATION_REQUIRED
child_6y,6-year-old child,80,12.5,6,23,1.336,0,fixed_focal_object_distance_source_sizing,16.7,59.88023952,5,17.21556886,1.793282999,78.206717,-1.377245509,1.346373122,6.73186561,0,0,9.244441552,67.11989111,365.932805,0,True,29.67352418,10.01677827,3.34,10,4,False,FIRST_ORDER_PARAXIAL_ONLY,BLOCKED_CALIBRATION_REQUIRED
child_6y,6-year-old child,90,11.11111111,6,23,1.336,0,fixed_focal_object_distance_source_sizing,16.7,59.88023952,5,17.21556886,1.793282999,88.206717,-1.549401198,1.518528811,7.592644053,0,0,8.772836935,60.44633801,796.3220266,0,True,31.78971007,11.70483844,3.34,10,4,False,FIRST_ORDER_PARAXIAL_ONLY,BLOCKED_CALIBRATION_REQUIRED
child_6y,6-year-old child,100,10,6,23,1.336,0,fixed_focal_object_distance_source_sizing,16.7,59.88023952,5,17.21556886,1.793282999,98.206717,-1.721556886,1.690684499,8.453422496,0,0,8.395553241,55.35903634,1226.711248,0,True,33.81329211,13.4921531,3.34,10,4,False,FIRST_ORDER_PARAXIAL_ONLY,BLOCKED_CALIBRATION_REQUIRED
child_6y,6-year-old child,110,9.090909091,6,23,1.336,0,fixed_focal_object_distance_source_sizing,16.7,59.88023952,5,17.21556886,1.793282999,108.206717,-1.893712575,1.862840188,9.314200939,0,0,8.086866583,51.36300659,1657.10047,0,True,35.7454966,15.37179826,3.34,10,4,False,FIRST_ORDER_PARAXIAL_ONLY,BLOCKED_CALIBRATION_REQUIRED
child_6y,6-year-old child,120,8.333333333,6,23,1.336,0,fixed_focal_object_distance_source_sizing,16.7,59.88023952,5,17.21556886,1.793282999,118.206717,-2.065868263,2.034995877,10.17497938,0,0,7.829627701,48.14731854,2087.489691,-8.67361738e-13,True,37.58827291,17.33715807,3.34,10,4,False,FIRST_ORDER_PARAXIAL_ONLY,BLOCKED_CALIBRATION_REQUIRED
adult_18y,18-year-old adult,60,16.66666667,6,23.6,1.336,0,fixed_focal_object_distance_source_sizing,12.8,78.125,2,17.66467066,21.51483051,38.48516949,-1.05988024,0.6798278443,1.359655689,4.378177966,15.05485938,6.943855932,37.86964944,0,0,False,15.01958967,2.355365611,6.4,10,4,False,FIRST_ORDER_PARAXIAL_ONLY,BLOCKED_CALIBRATION_REQUIRED
adult_18y,18-year-old adult,70,14.28571429,6,23.6,1.336,0,fixed_focal_object_distance_source_sizing,12.8,78.125,2,17.66467066,21.51483051,48.48516949,-1.236526946,0.8564745509,1.712949102,3.467009685,9.44060857,6.237590799,30.55790965,0,0,False,16.08310084,2.711981215,6.4,10,4,False,FIRST_ORDER_PARAXIAL_ONLY,BLOCKED_CALIBRATION_REQUIRED
adult_18y,18-year-old adult,80,12.5,6,23.6,1.336,0,fixed_focal_object_distance_source_sizing,12.8,78.125,2,17.66467066,21.51483051,58.48516949,-1.413173653,1.033121257,2.066242515,2.783633475,6.085748242,5.707891949,25.58829612,0,0,False,17.13535074,3.092066052,6.4,10,4,False,FIRST_ORDER_PARAXIAL_ONLY,BLOCKED_CALIBRATION_REQUIRED
adult_18y,18-year-old adult,90,11.11111111,6,23.6,1.336,0,fixed_focal_object_distance_source_sizing,12.8,78.125,2,17.66467066,21.51483051,68.48516949,-1.589820359,1.209767964,2.419535928,2.252118644,3.983569634,5.295903955,22.02774711,0,4.33680869e-13,False,18.17581909,3.495213065,6.4,10,4,False,FIRST_ORDER_PARAXIAL_ONLY,BLOCKED_CALIBRATION_REQUIRED
adult_18y,18-year-old adult,100,10,6,23.6,1.336,0,fixed_focal_object_distance_source_sizing,12.8,78.125,2,17.66467066,21.51483051,78.48516949,-1.766467066,1.386414671,2.772829341,1.82690678,2.621335785,4.966313559,19.37127265,0,0,False,19.20402824,3.921000505,6.4,10,4,False,FIRST_ORDER_PARAXIAL_ONLY,BLOCKED_CALIBRATION_REQUIRED
adult_18y,18-year-old adult,110,9.090909091,6,23.6,1.336,0,fixed_focal_object_distance_source_sizing,12.8,78.125,2,17.66467066,21.51483051,88.48516949,-1.943113772,1.563061377,3.126122754,1.479006163,1.718026463,4.69664869,17.32471239,0,0,False,20.21954328,4.3689938,6.4,10,4,False,FIRST_ORDER_PARAXIAL_ONLY,BLOCKED_CALIBRATION_REQUIRED
adult_18y,18-year-old adult,120,8.333333333,6,23.6,1.336,0,fixed_focal_object_distance_source_sizing,12.8,78.125,2,17.66467066,21.51483051,98.48516949,-2.119760479,1.739708084,3.479416168,1.189088983,1.110500075,4.471927966,15.70650222,0,0,False,21.22197186,4.83874739,6.4,10,4,False,FIRST_ORDER_PARAXIAL_ONLY,BLOCKED_CALIBRATION_REQUIRED
adult_18y,18-year-old adult,60,16.66666667,6,23.6,1.336,0,fixed_focal_object_distance_source_sizing,12.8,78.125,3,17.66467066,21.51483051,38.48516949,-1.05988024,0.6798278443,2.039483533,3.736758475,10.96680036,7.585275424,45.18898544,0,-4.33680869e-13,False,17.61767576,3.275531065,4.266666667,10,4,False,FIRST_ORDER_PARAXIAL_ONLY,BLOCKED_CALIBRATION_REQUIRED
adult_18y,18-year-old adult,70,14.28571429,6,23.6,1.336,0,fixed_focal_object_distance_source_sizing,12.8,78.125,3,17.66467066,21.51483051,48.48516949,-1.236526946,0.8564745509,2.569423653,2.774364407,6.045286524,6.930236077,37.72123815,0,0,False,19.16531783,3.904468282,4.266666667,10,4,False,FIRST_ORDER_PARAXIAL_ONLY,BLOCKED_CALIBRATION_REQUIRED
adult_18y,18-year-old adult,80,12.5,6,23.6,1.336,0,fixed_focal_object_distance_source_sizing,12.8,78.125,3,17.66467066,21.51483051,58.48516949,-1.413173653,1.033121257,3.099363772,2.052568856,3.308913021,6.438956568,32.56273484,0,0,False,20.68444345,4.583403587,4.266666667,10,4,False,FIRST_ORDER_PARAXIAL_ONLY,BLOCKED_CALIBRATION_REQUIRED
adult_18y,18-year-old adult,90,11.11111111,6,23.6,1.336,0,fixed_focal_object_distance_source_sizing,12.8,78.125,3,17.66467066,21.51483051,68.48516949,-1.589820359,1.209767964,3.629303892,1.491172316,1.746407333,6.056850282,28.81267354,0,0,False,22.17375839,5.310827078,4.266666667,10,4,False,FIRST_ORDER_PARAXIAL_ONLY,BLOCKED_CALIBRATION_REQUIRED
adult_18y,18-year-old adult,100,10,6,23.6,1.336,0,fixed_focal_object_distance_source_sizing,12.8,78.125,3,17.66467066,21.51483051,78.48516949,-1.766467066,1.386414671,4.159244012,1.042055085,0.8528472149,5.751165254,25.97775251,0,0,False,23.63217958,6.085186361,4.266666667,10,4,False,FIRST_ORDER_PARAXIAL_ONLY,BLOCKED_CALIBRATION_REQUIRED
adult_18y,18-year-old adult,110,9.090909091,6,23.6,1.336,0,fixed_focal_object_distance_source_sizing,12.8,78.125,3,17.66467066,21.51483051,88.48516949,-1.943113772,1.563061377,4.689184132,0.6745955316,0.3574183139,5.501059322,23.76744721,0,0,False,25.05882825,6.904899394,4.266666667,10,4,False,FIRST_ORDER_PARAXIAL_ONLY,BLOCKED_CALIBRATION_REQUIRED
adult_18y,18-year-old adult,120,8.333333333,6,23.6,1.336,0,fixed_focal_object_distance_source_sizing,12.8,78.125,3,17.66467066,21.51483051,98.48516949,-2.119760479,1.739708084,5.219124251,0.3683792373,0.1065810931,5.292637712,22.00058431,0,0,False,26.45302091,7.768366476,4.266666667,10,4,False,FIRST_ORDER_PARAXIAL_ONLY,BLOCKED_CALIBRATION_REQUIRED
adult_18y,18-year-old adult,60,16.66666667,6,23.6,1.336,0,fixed_focal_object_distance_source_sizing,12.8,78.125,4,17.66467066,21.51483051,38.48516949,-1.05988024,0.6798278443,2.719311377,3.095338983,7.524996737,8.226694915,53.15457685,0,0,False,20.14308001,4.33429479,3.2,10,4,False,FIRST_ORDER_PARAXIAL_ONLY,BLOCKED_CALIBRATION_REQUIRED
adult_18y,18-year-old adult,70,14.28571429,6,23.6,1.336,0,fixed_focal_object_distance_source_sizing,12.8,78.125,4,17.66467066,21.51483051,48.48516949,-1.236526946,0.8564745509,3.425898204,2.081719128,3.403565768,7.622881356,45.63816794,0,0,False,22.13653342,5.29187755,3.2,10,4,False,FIRST_ORDER_PARAXIAL_ONLY,BLOCKED_CALIBRATION_REQUIRED
adult_18y,18-year-old adult,80,12.5,6,23.6,1.336,0,fixed_focal_object_distance_source_sizing,12.8,78.125,4,17.66467066,21.51483051,58.48516949,-1.413173653,1.033121257,4.13248503,1.321504237,1.3715985,7.170021186,40.37669426,0,4.33680869e-13,False,24.07513225,6.332968693,3.2,10,4,False,FIRST_ORDER_PARAXIAL_ONLY,BLOCKED_CALIBRATION_REQUIRED
adult_18y,18-year-old adult,90,11.11111111,6,23.6,1.336,0,fixed_focal_object_distance_source_sizing,12.8,78.125,4,17.66467066,21.51483051,68.48516949,-1.589820359,1.209767964,4.839071856,0.7302259887,0.4187978584,6.81779661,36.50715281,0,0,False,25.95685826,7.453813331,3.2,10,4,False,FIRST_ORDER_PARAXIAL_ONLY,BLOCKED_CALIBRATION_REQUIRED
adult_18y,18-year-old adult,100,10,6,23.6,1.336,0,fixed_focal_object_distance_source_sizing,12.8,78.125,4,17.66467066,21.51483051,78.48516949,-1.766467066,1.386414671,5.545658683,0.2572033898,0.05195690317,6.536016949,33.55183063,0,-4.33680869e-13,False,27.78029944,8.650611444,3.2,10,4,False,FIRST_ORDER_PARAXIAL_ONLY,BLOCKED_CALIBRATION_REQUIRED
adult_18y,18-year-old adult,110,9.090909091,6,23.6,1.336,0,fixed_focal_object_distance_source_sizing,12.8,78.125,4,17.66467066,21.51483051,88.48516949,-1.943113772,1.563061377,6.252245509,0,0,6.305469954,31.22660736,126.1227545,-4.33680869e-13,True,29.54460126,9.919562272,3.2,10,4,False,FIRST_ORDER_PARAXIAL_ONLY,BLOCKED_CALIBRATION_REQUIRED
adult_18y,18-year-old adult,120,8.333333333,6,23.6,1.336,0,fixed_focal_object_distance_source_sizing,12.8,78.125,4,17.66467066,21.51483051,98.48516949,-2.119760479,1.739708084,6.958832335,0,0,6.113347458,29.35269902,479.4161677,-4.33680869e-13,True,31.24941169,11.25690273,3.2,10,4,False,FIRST_ORDER_PARAXIAL_ONLY,BLOCKED_CALIBRATION_REQUIRED
adult_18y,18-year-old adult,60,16.66666667,6,23.6,1.336,0,fixed_focal_object_distance_source_sizing,12.8,78.125,5,17.66467066,21.51483051,38.48516949,-1.05988024,0.6798278443,3.399139222,2.453919492,4.729448512,8.868114407,61.76642365,0,0,False,22.58943187,5.525153981,2.56,10,4,False,FIRST_ORDER_PARAXIAL_ONLY,BLOCKED_CALIBRATION_REQUIRED
adult_18y,18-year-old adult,70,14.28571429,6,23.6,1.336,0,fixed_focal_object_distance_source_sizing,12.8,78.125,5,17.66467066,21.51483051,48.48516949,-1.236526946,0.8564745509,4.282372754,1.38907385,1.515446303,8.315526634,54.30869901,0,0,False,24.98756363,6.862446157,2.56,10,4,False,FIRST_ORDER_PARAXIAL_ONLY,BLOCKED_CALIBRATION_REQUIRED
adult_18y,18-year-old adult,80,12.5,6,23.6,1.336,0,fixed_focal_object_distance_source_sizing,12.8,78.125,5,17.66467066,21.51483051,58.48516949,-1.413173653,1.033121257,5.165606287,0.5904396186,0.2738046778,7.901085805,49.03017437,0,-4.33680869e-13,False,27.29569924,8.321499494,2.56,10,4,False,FIRST_ORDER_PARAXIAL_ONLY,BLOCKED_CALIBRATION_REQUIRED
adult_18y,18-year-old adult,90,11.11111111,6,23.6,1.336,0,fixed_focal_object_distance_source_sizing,12.8,78.125,5,17.66467066,21.51483051,68.48516949,-1.589820359,1.209767964,6.04883982,0,0,7.578742938,45.11118489,24.41991018,0,True,29.51174574,9.894887192,2.56,10,4,False,FIRST_ORDER_PARAXIAL_ONLY,BLOCKED_CALIBRATION_REQUIRED
adult_18y,18-year-old adult,100,10,6,23.6,1.336,0,fixed_focal_object_distance_source_sizing,12.8,78.125,5,17.66467066,21.51483051,78.48516949,-1.766467066,1.386414671,6.932073353,0,0,7.320868644,42.09350701,466.0366766,4.33680869e-13,True,31.63487323,11.57524928,2.56,10,4,False,FIRST_ORDER_PARAXIAL_ONLY,BLOCKED_CALIBRATION_REQUIRED
adult_18y,18-year-old adult,110,9.090909091,6,23.6,1.336,0,fixed_focal_object_distance_source_sizing,12.8,78.125,5,17.66467066,21.51483051,88.48516949,-1.943113772,1.563061377,7.815306886,0,0,7.109880586,39.70219284,907.6534431,0,True,33.665339,13.35539391,2.56,10,4,False,FIRST_ORDER_PARAXIAL_ONLY,BLOCKED_CALIBRATION_REQUIRED
adult_18y,18-year-old adult,120,8.333333333,6,23.6,1.336,0,fixed_focal_object_distance_source_sizing,12.8,78.125,5,17.66467066,21.51483051,98.48516949,-2.119760479,1.739708084,8.698540419,0,0,6.934057203,37.76284635,1349.27021,0,True,35.6043086,15.22837608,2.56,10,4,False,FIRST_ORDER_PARAXIAL_ONLY,BLOCKED_CALIBRATION_REQUIRED
adult_18y,18-year-old adult,60,16.66666667,6,23.6,1.336,0,fixed_focal_object_distance_source_sizing,14.75,67.79661017,2,17.66467066,11.18644068,48.81355932,-1.05988024,0.8622754491,1.724550898,4.033898305,12.78026244,7.288135593,41.71793175,0,0,False,15.57017996,2.536573847,7.375,10,4,False,FIRST_ORDER_PARAXIAL_ONLY,BLOCKED_CALIBRATION_REQUIRED
adult_18y,18-year-old adult,70,14.28571429,6,23.6,1.336,0,fixed_focal_object_distance_source_sizing,14.75,67.79661017,2,17.66467066,11.18644068,58.81355932,-1.236526946,1.038922156,2.077844311,3.171912833,7.901915285,6.532687651,33.51765826,0,0,False,16.62794317,2.905359269,7.375,10,4,False,FIRST_ORDER_PARAXIAL_ONLY,BLOCKED_CALIBRATION_REQUIRED
adult_18y,18-year-old adult,80,12.5,6,23.6,1.336,0,fixed_focal_object_distance_source_sizing,14.75,67.79661017,2,17.66467066,11.18644068,68.81355932,-1.413173653,1.215568862,2.431137725,2.525423729,5.009084925,5.966101695,27.95575238,0,0,False,17.67417113,3.297405661,7.375,10,4,False,FIRST_ORDER_PARAXIAL_ONLY,BLOCKED_CALIBRATION_REQUIRED
adult_18y,18-year-old adult,90,11.11111111,6,23.6,1.336,0,fixed_focal_object_distance_source_sizing,14.75,67.79661017,2,17.66467066,11.18644068,78.81355932,-1.589820359,1.392215569,2.784431138,2.02259887,3.212990208,5.525423729,23.97844735,0,0,False,18.70836553,3.712298147,7.375,10,4,False,FIRST_ORDER_PARAXIAL_ONLY,BLOCKED_CALIBRATION_REQUIRED
adult_18y,18-year-old adult,100,10,6,23.6,1.336,0,fixed_focal_object_distance_source_sizing,14.75,67.79661017,2,17.66467066,11.18644068,88.81355932,-1.766467066,1.568862275,3.137724551,1.620338983,2.062061637,5.172881356,21.01623503,0,0,False,19.73007081,4.149608122,7.375,10,4,False,FIRST_ORDER_PARAXIAL_ONLY,BLOCKED_CALIBRATION_REQUIRED
adult_18y,18-year-old adult,110,9.090909091,6,23.6,1.336,0,fixed_focal_object_distance_source_sizing,14.75,67.79661017,2,17.66467066,11.18644068,98.81355932,-1.943113772,1.745508982,3.491017964,1.291217257,1.309448809,4.884437596,18.73781782,0,0,False,20.73887407,4.608895114,7.375,10,4,False,FIRST_ORDER_PARAXIAL_ONLY,BLOCKED_CALIBRATION_REQUIRED
adult_18y,18-year-old adult,120,8.333333333,6,23.6,1.336,0,fixed_focal_object_distance_source_sizing,14.75,67.79661017,2,17.66467066,11.18644068,108.8135593,-2.119760479,1.922155689,3.844311377,1.016949153,0.8122474542,4.644067797,16.93896941,0,0,False,21.73440475,5.089708596,7.375,10,4,False,FIRST_ORDER_PARAXIAL_ONLY,BLOCKED_CALIBRATION_REQUIRED
adult_18y,18-year-old adult,60,16.66666667,6,23.6,1.336,0,fixed_focal_object_distance_source_sizing,14.75,67.79661017,3,17.66467066,11.18644068,48.81355932,-1.05988024,0.8622754491,2.586826347,3.220338983,8.145036972,8.101694915,51.55154093,0,-4.33680869e-13,False,18.42038087,3.593992233,4.916666667,10,4,False,FIRST_ORDER_PARAXIAL_ONLY,BLOCKED_CALIBRATION_REQUIRED
adult_18y,18-year-old adult,70,14.28571429,6,23.6,1.336,0,fixed_focal_object_distance_source_sizing,14.75,67.79661017,3,17.66467066,11.18644068,58.81355932,-1.236526946,1.038922156,3.116766467,2.331719128,4.270142344,7.372881356,42.69375681,0,0,False,19.95347131,4.248934836,4.916666667,10,4,False,FIRST_ORDER_PARAXIAL_ONLY,BLOCKED_CALIBRATION_REQUIRED
adult_18y,18-year-old adult,80,12.5,6,23.6,1.336,0,fixed_focal_object_distance_source_sizing,14.75,67.79661017,3,17.66467066,11.18644068,68.81355932,-1.413173653,1.215568862,3.646706587,1.665254237,2.1779654,6.826271186,36.59796658,0,0,False,21.45735027,4.95310191,4.916666667,10,4,False,FIRST_ORDER_PARAXIAL_ONLY,BLOCKED_CALIBRATION_REQUIRED
adult_18y,18-year-old adult,90,11.11111111,6,23.6,1.336,0,fixed_focal_object_distance_source_sizing,14.75,67.79661017,3,17.66467066,11.18644068,78.81355932,-1.589820359,1.392215569,4.176646707,1.146892655,1.033083498,6.401129944,32.18126921,0,-4.33680869e-13,False,22.93083322,5.704959962,4.916666667,10,4,False,FIRST_ORDER_PARAXIAL_ONLY,BLOCKED_CALIBRATION_REQUIRED
adult_18y,18-year-old adult,100,10,6,23.6,1.336,0,fixed_focal_object_distance_source_sizing,14.75,67.79661017,3,17.66467066,11.18644068,88.81355932,-1.766467066,1.568862275,4.706586826,0.7322033898,0.4210690803,6.061016949,28.85232917,0,0,False,24.37294363,6.502939732,4.916666667,10,4,False,FIRST_ORDER_PARAXIAL_ONLY,BLOCKED_CALIBRATION_REQUIRED
adult_18y,18-year-old adult,110,9.090909091,6,23.6,1.336,0,fixed_focal_object_distance_source_sizing,14.75,67.79661017,3,17.66467066,11.18644068,98.81355932,-1.943113772,1.745508982,5.236526946,0.3929121726,0.1212497491,5.782742681,26.26380327,0,4.33680869e-13,False,25.78290482,7.34544862,4.916666667,10,4,False,FIRST_ORDER_PARAXIAL_ONLY,BLOCKED_CALIBRATION_REQUIRED
adult_18y,18-year-old adult,120,8.333333333,6,23.6,1.336,0,fixed_focal_object_distance_source_sizing,14.75,67.79661017,3,17.66467066,11.18644068,108.8135593,-2.119760479,1.922155689,5.766467066,0.1101694915,0.009532626373,5.550847458,24.19961556,0,0,False,27.16012994,8.23088219,4.916666667,10,4,False,FIRST_ORDER_PARAXIAL_ONLY,BLOCKED_CALIBRATION_REQUIRED
adult_18y,18-year-old adult,60,16.66666667,6,23.6,1.336,0,fixed_focal_object_distance_source_sizing,14.75,67.79661017,4,17.66467066,11.18644068,48.81355932,-1.05988024,0.8622754491,3.449101796,2.406779661,4.549488241,8.915254237,62.42482685,0,-4.33680869e-13,False,21.17923864,4.818153069,3.6875,10,4,False,FIRST_ORDER_PARAXIAL_ONLY,BLOCKED_CALIBRATION_REQUIRED
adult_18y,18-year-old adult,70,14.28571429,6,23.6,1.336,0,fixed_focal_object_distance_source_sizing,14.75,67.79661017,4,17.66467066,11.18644068,58.81355932,-1.236526946,1.038922156,4.155688623,1.491525424,1.747234524,8.213075061,52.97872048,0,0,False,23.14465516,5.8193254,3.6875,10,4,False,FIRST_ORDER_PARAXIAL_ONLY,BLOCKED_CALIBRATION_REQUIRED
adult_18y,18-year-old adult,80,12.5,6,23.6,1.336,0,fixed_focal_object_distance_source_sizing,14.75,67.79661017,4,17.66467066,11.18644068,68.81355932,-1.413173653,1.215568862,4.862275449,0.8050847458,0.5090648107,7.686440678,46.40239972,0,-4.33680869e-13,False,25.05409645,6.902075612,3.6875,10,4,False,FIRST_ORDER_PARAXIAL_ONLY,BLOCKED_CALIBRATION_REQUIRED
adult_18y,18-year-old adult,90,11.11111111,6,23.6,1.336,0,fixed_focal_object_distance_source_sizing,14.75,67.79661017,4,17.66467066,11.18644068,78.81355932,-1.589820359,1.392215569,5.568862275,0.2711864407,0.05775981897,7.276836158,41.5886741,0,-4.33680869e-13,False,26.90586293,8.062619612,3.6875,10,4,False,FIRST_ORDER_PARAXIAL_ONLY,BLOCKED_CALIBRATION_REQUIRED
adult_18y,18-year-old adult,100,10,6,23.6,1.336,0,fixed_focal_object_distance_source_sizing,14.75,67.79661017,4,17.66467066,11.18644068,88.81355932,-1.766467066,1.568862275,6.275449102,0,0,6.949152542,37.92744363,137.7245509,0,True,28.69883704,9.297151825,3.6875,10,4,False,FIRST_ORDER_PARAXIAL_ONLY,BLOCKED_CALIBRATION_REQUIRED
adult_18y,18-year-old adult,110,9.090909091,6,23.6,1.336,0,fixed_focal_object_distance_source_sizing,14.75,67.79661017,4,17.66467066,11.18644068,98.81355932,-1.943113772,1.745508982,6.982035928,0,0,6.681047766,35.05734599,491.0179641,4.33680869e-13,True,30.43243088,10.60188654,3.6875,10,4,False,FIRST_ORDER_PARAXIAL_ONLY,BLOCKED_CALIBRATION_REQUIRED
adult_18y,18-year-old adult,120,8.333333333,6,23.6,1.336,0,fixed_focal_object_distance_source_sizing,14.75,67.79661017,4,17.66467066,11.18644068,108.8135593,-2.119760479,1.922155689,7.688622754,0,0,6.457627119,32.75184797,844.3113772,4.33680869e-13,True,32.10652921,11.97309316,3.6875,10,4,False,FIRST_ORDER_PARAXIAL_ONLY,BLOCKED_CALIBRATION_REQUIRED
adult_18y,18-year-old adult,60,16.66666667,6,23.6,1.336,0,fixed_focal_object_distance_source_sizing,14.75,67.79661017,5,17.66467066,11.18644068,48.81355932,-1.05988024,0.8622754491,4.311377246,1.593220339,1.993616252,9.728813559,74.33778951,0,-4.33680869e-13,False,23.83892913,6.200096004,2.95,10,4,False,FIRST_ORDER_PARAXIAL_ONLY,BLOCKED_CALIBRATION_REQUIRED
adult_18y,18-year-old adult,70,14.28571429,6,23.6,1.336,0,fixed_focal_object_distance_source_sizing,14.75,67.79661017,5,17.66467066,11.18644068,58.81355932,-1.236526946,1.038922156,5.194610778,0.6513317191,0.3331918256,9.053268765,64.37254928,0,0,False,26.19093088,7.601194987,2.95,10,4,False,FIRST_ORDER_PARAXIAL_ONLY,BLOCKED_CALIBRATION_REQUIRED
adult_18y,18-year-old adult,80,12.5,6,23.6,1.336,0,fixed_focal_object_distance_source_sizing,14.75,67.79661017,5,17.66467066,11.18644068,68.81355932,-1.413173653,1.215568862,6.077844311,0,0,8.546610169,57.36905179,38.92215569,-4.33680869e-13,True,28.45168749,9.120218589,2.95,10,4,False,FIRST_ORDER_PARAXIAL_ONLY,BLOCKED_CALIBRATION_REQUIRED
adult_18y,18-year-old adult,90,11.11111111,6,23.6,1.336,0,fixed_focal_object_distance_source_sizing,14.75,67.79661017,5,17.66467066,11.18644068,78.81355932,-1.589820359,1.392215569,6.961077844,0,0,8.152542373,52.20066202,480.5389222,-1.301042607e-12,True,30.6197796,10.74976044,2.95,10,4,False,FIRST_ORDER_PARAXIAL_ONLY,BLOCKED_CALIBRATION_REQUIRED
adult_18y,18-year-old adult,100,10,6,23.6,1.336,0,fixed_focal_object_distance_source_sizing,14.75,67.79661017,5,17.66467066,11.18644068,88.81355932,-1.766467066,1.568862275,7.844311377,0,0,7.837288136,48.2415784,922.1556886,0,True,32.69496117,12.48253619,2.95,10,4,False,FIRST_ORDER_PARAXIAL_ONLY,BLOCKED_CALIBRATION_REQUIRED
adult_18y,18-year-old adult,110,9.090909091,6,23.6,1.336,0,fixed_focal_object_distance_source_sizing,14.75,67.79661017,5,17.66467066,11.18644068,98.81355932,-1.943113772,1.745508982,8.72754491,0,0,7.579352851,45.11844599,1363.772455,0,True,34.67798066,14.31147302,2.95,10,4,False,FIRST_ORDER_PARAXIAL_ONLY,BLOCKED_CALIBRATION_REQUIRED
adult_18y,18-year-old adult,120,8.333333333,6,23.6,1.336,0,fixed_focal_object_distance_source_sizing,14.75,67.79661017,5,17.66467066,11.18644068,108.8135593,-2.119760479,1.922155689,9.610778443,0,0,7.36440678,42.59566665,1805.389222,0,True,36.57040432,16.22977726,2.95,10,4,False,FIRST_ORDER_PARAXIAL_ONLY,BLOCKED_CALIBRATION_REQUIRED
adult_18y,18-year-old adult,60,16.66666667,6,23.6,1.336,0,fixed_focal_object_distance_source_sizing,16.7,59.88023952,2,17.66467066,3.270070029,56.72992997,-1.05988024,1.002115529,2.004231059,3.770019283,11.16289975,7.552014615,44.79355435,0,0,False,15.99020791,2.679738666,8.35,10,4,False,FIRST_ORDER_PARAXIAL_ONLY,BLOCKED_CALIBRATION_REQUIRED
adult_18y,18-year-old adult,70,14.28571429,6,23.6,1.336,0,fixed_focal_object_distance_source_sizing,16.7,59.88023952,2,17.66467066,3.270070029,66.72992997,-1.236526946,1.178762236,2.357524472,2.945730814,6.815159069,6.75886967,35.87880961,0,0,False,17.04346757,3.057779863,8.35,10,4,False,FIRST_ORDER_PARAXIAL_ONLY,BLOCKED_CALIBRATION_REQUIRED
adult_18y,18-year-old adult,80,12.5,6,23.6,1.336,0,fixed_focal_object_distance_source_sizing,16.7,59.88023952,2,17.66467066,3.270070029,76.72992997,-1.413173653,1.355408943,2.710817885,2.327514463,4.254755985,6.164010961,29.84122767,0,0,False,18.08498963,3.458919576,8.35,10,4,False,FIRST_ORDER_PARAXIAL_ONLY,BLOCKED_CALIBRATION_REQUIRED
adult_18y,18-year-old adult,90,11.11111111,6,23.6,1.336,0,fixed_focal_object_distance_source_sizing,16.7,59.88023952,2,17.66467066,3.270070029,86.72992997,-1.589820359,1.532055649,3.064111298,1.846679522,2.678384655,5.701343077,25.52961303,0,0,False,19.1142927,3.88273727,8.35,10,4,False,FIRST_ORDER_PARAXIAL_ONLY,BLOCKED_CALIBRATION_REQUIRED
adult_18y,18-year-old adult,100,10,6,23.6,1.336,0,fixed_focal_object_distance_source_sizing,16.7,59.88023952,2,17.66467066,3.270070029,96.72992997,-1.766467066,1.708702356,3.417404712,1.46201157,1.678771163,5.331208769,22.32241926,0,0,False,20.13093813,4.328799424,8.35,10,4,False,FIRST_ORDER_PARAXIAL_ONLY,BLOCKED_CALIBRATION_REQUIRED
adult_18y,18-year-old adult,110,9.090909091,6,23.6,1.336,0,fixed_focal_object_distance_source_sizing,16.7,59.88023952,2,17.66467066,3.270070029,106.72993,-1.943113772,1.885349062,3.770698125,1.147283246,1.03378728,5.028371608,19.85841638,0,0,False,21.13452982,4.796661371,8.35,10,4,False,FIRST_ORDER_PARAXIAL_ONLY,BLOCKED_CALIBRATION_REQUIRED
adult_18y,18-year-old adult,120,8.333333333,6,23.6,1.336,0,fixed_focal_object_distance_source_sizing,16.7,59.88023952,2,17.66467066,3.270070029,116.72993,-2.119760479,2.061995769,4.123991538,0.8850096417,0.6151568801,4.776007307,17.91512516,0,4.33680869e-13,False,22.12471383,5.285869094,8.35,10,4,False,FIRST_ORDER_PARAXIAL_ONLY,BLOCKED_CALIBRATION_REQUIRED
adult_18y,18-year-old adult,60,16.66666667,6,23.6,1.336,0,fixed_focal_object_distance_source_sizing,16.7,59.88023952,3,17.66467066,3.270070029,56.72992997,-1.05988024,1.002115529,3.006346588,2.824520451,6.265840398,8.497513448,56.71182229,0,0,False,19.03061481,3.847248559,5.566666667,10,4,False,FIRST_ORDER_PARAXIAL_ONLY,BLOCKED_CALIBRATION_REQUIRED
adult_18y,18-year-old adult,70,14.28571429,6,23.6,1.336,0,fixed_focal_object_distance_source_sizing,16.7,59.88023952,3,17.66467066,3.270070029,66.72992997,-1.236526946,1.178762236,3.536286708,1.992446101,3.117906194,7.712154384,46.71338201,0,0,False,20.552298,4.521855657,5.566666667,10,4,False,FIRST_ORDER_PARAXIAL_ONLY,BLOCKED_CALIBRATION_REQUIRED
adult_18y,18-year-old adult,80,12.5,6,23.6,1.336,0,fixed_focal_object_distance_source_sizing,16.7,59.88023952,3,17.66467066,3.270070029,76.72992997,-1.413173653,1.355408943,4.066226828,1.368390338,1.47065187,7.123135086,39.85035939,0,0,False,22.04427557,5.245085346,5.566666667,10,4,False,FIRST_ORDER_PARAXIAL_ONLY,BLOCKED_CALIBRATION_REQUIRED
adult_18y,18-year-old adult,90,11.11111111,6,23.6,1.336,0,fixed_focal_object_distance_source_sizing,16.7,59.88023952,3,17.66467066,3.270070029,86.72992997,-1.589820359,1.532055649,4.596166948,0.8830136337,0.612385219,6.665008965,34.88922779,0,0,False,23.50544613,6.015388436,5.566666667,10,4,False,FIRST_ORDER_PARAXIAL_ONLY,BLOCKED_CALIBRATION_REQUIRED
adult_18y,18-year-old adult,100,10,6,23.6,1.336,0,fixed_focal_object_distance_source_sizing,16.7,59.88023952,3,17.66467066,3.270070029,96.72992997,-1.766467066,1.708702356,5.126107067,0.4947122704,0.1922185275,6.298508069,31.15769068,0,0,False,24.93491335,6.831184993,5.566666667,10,4,False,FIRST_ORDER_PARAXIAL_ONLY,BLOCKED_CALIBRATION_REQUIRED
adult_18y,18-year-old adult,110,9.090909091,6,23.6,1.336,0,fixed_focal_object_distance_source_sizing,16.7,59.88023952,3,17.66467066,3.270070029,106.72993,-1.943113772,1.885349062,5.656047187,0.1770111549,0.02460884056,5.998643699,28.26155249,0,-4.33680869e-13,False,26.33197698,7.69087641,5.566666667,10,4,False,FIRST_ORDER_PARAXIAL_ONLY,BLOCKED_CALIBRATION_REQUIRED
adult_18y,18-year-old adult,120,8.333333333,6,23.6,1.336,0,fixed_focal_object_distance_source_sizing,16.7,59.88023952,3,17.66467066,3.270070029,116.72993,-2.119760479,2.061995769,6.185987307,0,0,5.748756724,25.95599862,92.99365341,0,True,27.69612214,8.592856527,5.566666667,10,4,False,FIRST_ORDER_PARAXIAL_ONLY,BLOCKED_CALIBRATION_REQUIRED
adult_18y,18-year-old adult,60,16.66666667,6,23.6,1.336,0,fixed_focal_object_distance_source_sizing,16.7,59.88023952,4,17.66467066,3.270070029,56.72992997,-1.05988024,1.002115529,4.008462118,1.879021618,2.773022763,9.443012281,70.03433195,0,-4.33680869e-13,False,21.96374575,5.20444143,4.175,10,4,False,FIRST_ORDER_PARAXIAL_ONLY,BLOCKED_CALIBRATION_REQUIRED
adult_18y,18-year-old adult,70,14.28571429,6,23.6,1.336,0,fixed_focal_object_distance_source_sizing,16.7,59.88023952,4,17.66467066,3.270070029,66.72992997,-1.236526946,1.178762236,4.715048944,1.039161387,0.8481172235,8.665439098,58.97541831,0,-4.33680869e-13,False,23.90724865,6.238353002,4.175,10,4,False,FIRST_ORDER_PARAXIAL_ONLY,BLOCKED_CALIBRATION_REQUIRED
adult_18y,18-year-old adult,80,12.5,6,23.6,1.336,0,fixed_focal_object_distance_source_sizing,16.7,59.88023952,4,17.66467066,3.270070029,76.72992997,-1.413173653,1.355408943,5.42163577,0.4092662133,0.1315532761,8.08225921,51.30449664,0,0,False,25.79403093,7.3523501,4.175,10,4,False,FIRST_ORDER_PARAXIAL_ONLY,BLOCKED_CALIBRATION_REQUIRED
adult_18y,18-year-old adult,90,11.11111111,6,23.6,1.336,0,fixed_focal_object_distance_source_sizing,16.7,59.88023952,4,17.66467066,3.270070029,86.72992997,-1.589820359,1.532055649,6.128222597,0,0,7.628674854,45.70756561,64.11129836,0,True,27.62262923,8.542634803,4.175,10,4,False,FIRST_ORDER_PARAXIAL_ONLY,BLOCKED_CALIBRATION_REQUIRED
adult_18y,18-year-old adult,100,10,6,23.6,1.336,0,fixed_focal_object_distance_source_sizing,16.7,59.88023952,4,17.66467066,3.270070029,96.72992997,-1.766467066,1.708702356,6.834809423,0,0,7.265807368,41.46270584,417.4047115,0,True,29.39214223,9.805404791,4.175,10,4,False,FIRST_ORDER_PARAXIAL_ONLY,BLOCKED_CALIBRATION_REQUIRED
adult_18y,18-year-old adult,110,9.090909091,6,23.6,1.336,0,fixed_focal_object_distance_source_sizing,16.7,59.88023952,4,17.66467066,3.270070029,106.72993,-1.943113772,1.885349062,7.541396249,0,0,6.968915789,38.14348013,770.6981247,4.33680869e-13,True,31.10217608,11.13689229,4.175,10,4,False,FIRST_ORDER_PARAXIAL_ONLY,BLOCKED_CALIBRATION_REQUIRED
adult_18y,18-year-old adult,120,8.333333333,6,23.6,1.336,0,fixed_focal_object_distance_source_sizing,16.7,59.88023952,4,17.66467066,3.270070029,116.72993,-2.119760479,2.061995769,8.247983076,0,0,6.72150614,35.48322465,1123.991538,0,True,32.75278639,12.53339692,4.175,10,4,False,FIRST_ORDER_PARAXIAL_ONLY,BLOCKED_CALIBRATION_REQUIRED
adult_18y,18-year-old adult,60,16.66666667,6,23.6,1.336,0,fixed_focal_object_distance_source_sizing,16.7,59.88023952,5,17.66467066,3.270070029,56.72992997,-1.05988024,1.002115529,5.010577647,0.9335227849,0.6844468455,10.38851111,84.76108333,0,4.33680869e-13,False,24.78066066,6.740100912,3.34,10,4,False,FIRST_ORDER_PARAXIAL_ONLY,BLOCKED_CALIBRATION_REQUIRED
adult_18y,18-year-old adult,70,14.28571429,6,23.6,1.336,0,fixed_focal_object_distance_source_sizing,16.7,59.88023952,5,17.66467066,3.270070029,66.72992997,-1.236526946,1.178762236,5.89381118,0.0858766728,0.005792156678,9.618723811,72.66491851,0,4.33680869e-13,False,27.09679789,8.188765637,3.34,10,4,False,FIRST_ORDER_PARAXIAL_ONLY,BLOCKED_CALIBRATION_REQUIRED
adult_18y,18-year-old adult,80,12.5,6,23.6,1.336,0,fixed_focal_object_distance_source_sizing,16.7,59.88023952,5,17.66467066,3.270070029,76.72992997,-1.413173653,1.355408943,6.777044713,0,0,9.041383335,64.20363941,388.5223565,0,True,29.32097668,9.752415485,3.34,10,4,False,FIRST_ORDER_PARAXIAL_ONLY,BLOCKED_CALIBRATION_REQUIRED
adult_18y,18-year-old adult,90,11.11111111,6,23.6,1.336,0,fixed_focal_object_distance_source_sizing,16.7,59.88023952,5,17.66467066,3.270070029,86.72992997,-1.589820359,1.532055649,7.660278246,0,0,8.592340742,57.98462649,830.139123,-4.33680869e-13,True,31.45226315,11.42368022,3.34,10,4,False,FIRST_ORDER_PARAXIAL_ONLY,BLOCKED_CALIBRATION_REQUIRED
adult_18y,18-year-old adult,100,10,6,23.6,1.336,0,fixed_focal_object_distance_source_sizing,16.7,59.88023952,5,17.66467066,3.270070029,96.72992997,-1.766467066,1.708702356,8.543511779,0,0,8.233106668,53.23746477,1271.755889,0,True,33.4908264,13.19534979,3.34,10,4,False,FIRST_ORDER_PARAXIAL_ONLY,BLOCKED_CALIBRATION_REQUIRED
adult_18y,18-year-old adult,110,9.090909091,6,23.6,1.336,0,fixed_focal_object_distance_source_sizing,16.7,59.88023952,5,17.66467066,3.270070029,106.72993,-1.943113772,1.885349062,9.426745312,0,0,7.93918788,49.50419931,1713.372656,0,True,35.43775931,15.06045491,3.34,10,4,False,FIRST_ORDER_PARAXIAL_ONLY,BLOCKED_CALIBRATION_REQUIRED
adult_18y,18-year-old adult,120,8.333333333,6,23.6,1.336,0,fixed_focal_object_distance_source_sizing,16.7,59.88023952,5,17.66467066,3.270070029,116.72993,-2.119760479,2.061995769,10.30997884,0,0,7.694255557,46.49680323,2154.989422,0,True,37.29490498,17.01232667,3.34,10,4,False,FIRST_ORDER_PARAXIAL_ONLY,BLOCKED_CALIBRATION_REQUIRED
