eye_id,eye_label,source_demand_D,source_distance_mm,posterior_pole_diameter_mm,reported_axial_length_mm,image_medium_refractive_index,external_lens_D,sweep_role,fixed_focal_length_mm,fixed_eye_power_D,pupil_diameter_mm,reduced_retina_distance_mm,focus_object_demand_D,retinal_defocus_D,source_mapping_coefficient,pupil_mapping_coefficient,pupil_blur_diameter_mm,geometric_min_source_diameter_mm,geometric_min_source_area_mm2,conservative_source_diameter_mm,conservative_source_area_mm2,geometric_coverage_margin_um,conservative_plateau_margin_um,pupil_blur_alone_covers_target
chick_30_45d,30–45 day chick,60,16.66666667,3,11.7,1.336,0,fixed_focal_object_distance_source_sizing,7.5,133.3333333,3.5,8.75748503,19.14529915,40.85470085,-0.5254491018,0.3577844311,1.252245509,3.326210826,8.689392743,8.092592593,51.43576882,0,0,False
chick_30_45d,30–45 day chick,70,14.28571429,3,11.7,1.336,0,fixed_focal_object_distance_source_sizing,7.5,133.3333333,3.5,8.75748503,19.14529915,50.85470085,-0.6130239521,0.4453592814,1.558757485,2.351037851,4.341193297,7.436507937,43.43381457,0,-2.168404345e-13,False
chick_30_45d,30–45 day chick,80,12.5,3,11.7,1.336,0,fixed_focal_object_distance_source_sizing,7.5,133.3333333,3.5,8.75748503,19.14529915,60.85470085,-0.7005988024,0.5329341317,1.865269461,1.61965812,2.060329052,6.944444444,37.87606884,0,2.168404345e-13,False
chick_30_45d,30–45 day chick,90,11.11111111,3,11.7,1.336,0,fixed_focal_object_distance_source_sizing,7.5,133.3333333,3.5,8.75748503,19.14529915,70.85470085,-0.7881736527,0.620508982,2.171781437,1.050807217,0.8672333599,6.561728395,33.81632287,0,0,False
chick_30_45d,30–45 day chick,100,10,3,11.7,1.336,0,fixed_focal_object_distance_source_sizing,7.5,133.3333333,3.5,8.75748503,19.14529915,80.85470085,-0.875748503,0.7080838323,2.478293413,0.5957264957,0.2787299995,6.255555556,30.73418154,0,-2.168404345e-13,False
chick_30_45d,30–45 day chick,110,9.090909091,3,11.7,1.336,0,fixed_focal_object_distance_source_sizing,7.5,133.3333333,3.5,8.75748503,19.14529915,90.85470085,-0.9633233533,0.7956586826,2.784805389,0.2233877234,0.03919299802,6.005050505,28.3219538,0,-2.168404345e-13,False
chick_30_45d,30–45 day chick,120,8.333333333,3,11.7,1.336,0,fixed_focal_object_distance_source_sizing,7.5,133.3333333,3.5,8.75748503,19.14529915,100.8547009,-1.050898204,0.8832335329,3.091317365,0,0,5.796296296,26.38706196,45.65868263,2.168404345e-13,True
chick_30_45d,30–45 day chick,60,16.66666667,3,11.7,1.336,0,fixed_focal_object_distance_source_sizing,8,125,3.5,8.75748503,10.81196581,49.18803419,-0.5254491018,0.4307634731,1.507672156,2.840099715,6.33515227,8.578703704,57.80071593,0,0,False
chick_30_45d,30–45 day chick,70,14.28571429,3,11.7,1.336,0,fixed_focal_object_distance_source_sizing,8,125,3.5,8.75748503,10.81196581,59.18803419,-0.6130239521,0.5183383234,1.814184132,1.934371184,2.93879647,7.853174603,48.43735148,0,0,False
chick_30_45d,30–45 day chick,80,12.5,3,11.7,1.336,0,fixed_focal_object_distance_source_sizing,8,125,3.5,8.75748503,10.81196581,69.18803419,-0.7005988024,0.6059131737,2.120696108,1.255074786,1.237169177,7.309027778,41.95745198,0,2.168404345e-13,False
chick_30_45d,30–45 day chick,90,11.11111111,3,11.7,1.336,0,fixed_focal_object_distance_source_sizing,8,125,3.5,8.75748503,10.81196581,79.18803419,-0.7881736527,0.693488024,2.427208084,0.7267331434,0.4148010199,6.885802469,37.23908501,0,2.168404345e-13,False
chick_30_45d,30–45 day chick,100,10,3,11.7,1.336,0,fixed_focal_object_distance_source_sizing,8,125,3.5,8.75748503,10.81196581,89.18803419,-0.875748503,0.7810628743,2.73372006,0.3040598291,0.07261192918,6.547222222,33.666971,0,-2.168404345e-13,False
chick_30_45d,30–45 day chick,110,9.090909091,3,11.7,1.336,0,fixed_focal_object_distance_source_sizing,8,125,3.5,8.75748503,10.81196581,99.18803419,-0.9633233533,0.8686377246,3.040232036,0,0,6.27020202,30.87826917,20.11601796,-2.168404345e-13,True
chick_30_45d,30–45 day chick,120,8.333333333,3,11.7,1.336,0,fixed_focal_object_distance_source_sizing,8,125,3.5,8.75748503,10.81196581,109.1880342,-1.050898204,0.9562125749,3.346744012,0,0,6.039351852,28.64643259,173.372006,-2.168404345e-13,True
chick_30_45d,30–45 day chick,60,16.66666667,3,11.7,1.336,0,fixed_focal_object_distance_source_sizing,8.5,117.6470588,3.5,8.75748503,3.459024635,56.54097536,-0.5254491018,0.4951567453,1.733048609,2.411178146,4.566132177,9.007625272,63.72509665,0,-2.168404345e-13,False
chick_30_45d,30–45 day chick,70,14.28571429,3,11.7,1.336,0,fixed_focal_object_distance_source_sizing,8.5,117.6470588,3.5,8.75748503,3.459024635,66.54097536,-0.6130239521,0.5827315956,2.039560585,1.566724126,1.927857563,8.220821662,53.07870705,0,0,False
chick_30_45d,30–45 day chick,80,12.5,3,11.7,1.336,0,fixed_focal_object_distance_source_sizing,8.5,117.6470588,3.5,8.75748503,3.459024635,76.54097536,-0.7005988024,0.6703064459,2.346072561,0.9333836099,0.684242778,7.630718954,45.73206354,0,0,False
chick_30_45d,30–45 day chick,90,11.11111111,3,11.7,1.336,0,fixed_focal_object_distance_source_sizing,8.5,117.6470588,3.5,8.75748503,3.459024635,86.54097536,-0.7881736527,0.7578812962,2.652584537,0.440785431,0.1525964199,7.171750182,40.39616966,0,0,False
chick_30_45d,30–45 day chick,100,10,3,11.7,1.336,0,fixed_focal_object_distance_source_sizing,8.5,117.6470588,3.5,8.75748503,3.459024635,96.54097536,-0.875748503,0.8454561465,2.959096513,0.04670688788,0.001713372307,6.804575163,36.36569673,0,0,False
chick_30_45d,30–45 day chick,110,9.090909091,3,11.7,1.336,0,fixed_focal_object_distance_source_sizing,8.5,117.6470588,3.5,8.75748503,3.459024635,106.5409754,-0.9633233533,0.9330309968,3.265608489,0,0,6.504159239,33.22555256,132.8042445,0,True
chick_30_45d,30–45 day chick,120,8.333333333,3,11.7,1.336,0,fixed_focal_object_distance_source_sizing,8.5,117.6470588,3.5,8.75748503,3.459024635,116.5409754,-1.050898204,1.020605847,3.572120465,0,0,6.253812636,30.71705764,286.0602325,2.168404345e-13,True
child_6y,6-year-old child,60,16.66666667,6,23,1.336,0,fixed_focal_object_distance_source_sizing,13.5,74.07407407,5,17.21556886,15.98711755,44.01288245,-1.032934132,0.7577068086,3.788534043,2.140955448,3.600021889,9.476435856,70.53098288,0,0,False
child_6y,6-year-old child,70,14.28571429,6,23,1.336,0,fixed_focal_object_distance_source_sizing,13.5,74.07407407,5,17.21556886,15.98711755,54.01288245,-1.20508982,0.9298624972,4.649312486,1.120818956,0.9866447649,8.83694502,61.33299708,0,0,False
child_6y,6-year-old child,80,12.5,6,23,1.336,0,fixed_focal_object_distance_source_sizing,13.5,74.07407407,5,17.21556886,15.98711755,64.01288245,-1.377245509,1.102018186,5.510090929,0.3557165862,0.09937979871,8.357326892,54.85606622,0,0,False
child_6y,6-year-old child,90,11.11111111,6,23,1.336,0,fixed_focal_object_distance_source_sizing,13.5,74.07407407,5,17.21556886,15.98711755,74.01288245,-1.549401198,1.274173874,6.370869372,0,0,7.984290571,50.06826577,185.4346862,-4.33680869e-13,True
child_6y,6-year-old child,100,10,6,23,1.336,0,fixed_focal_object_distance_source_sizing,13.5,74.07407407,5,17.21556886,15.98711755,84.01288245,-1.721556886,1.446329563,7.231647815,0,0,7.685861514,46.39540725,615.8239077,4.33680869e-13,True
child_6y,6-year-old child,110,9.090909091,6,23,1.336,0,fixed_focal_object_distance_source_sizing,13.5,74.07407407,5,17.21556886,15.98711755,94.01288245,-1.893712575,1.618485252,8.092426259,0,0,7.441692285,43.4943953,1046.213129,0,True
child_6y,6-year-old child,120,8.333333333,6,23,1.336,0,fixed_focal_object_distance_source_sizing,13.5,74.07407407,5,17.21556886,15.98711755,104.0128824,-2.065868263,1.79064094,8.953204702,0,0,7.238217928,41.14842253,1476.602351,0,True
child_6y,6-year-old child,60,16.66666667,6,23,1.336,0,fixed_focal_object_distance_source_sizing,15.1,66.22516556,5,17.21556886,8.138209041,51.86179096,-1.032934132,0.8928302336,4.464151168,1.486879739,1.73636718,10.13051157,80.60326511,0,4.33680869e-13,False
child_6y,6-year-old child,70,14.28571429,6,23,1.336,0,fixed_focal_object_distance_source_sizing,15.1,66.22516556,5,17.21556886,8.138209041,61.86179096,-1.20508982,1.064985922,5.324929611,0.5601826334,0.2464615429,9.397581342,69.36207365,0,-4.33680869e-13,False
child_6y,6-year-old child,80,12.5,6,23,1.336,0,fixed_focal_object_distance_source_sizing,15.1,66.22516556,5,17.21556886,8.138209041,71.86179096,-1.377245509,1.237141611,6.185708054,0,0,8.847883674,61.48493096,92.85402705,0,True
child_6y,6-year-old child,90,11.11111111,6,23,1.336,0,fixed_focal_object_distance_source_sizing,15.1,66.22516556,5,17.21556886,8.138209041,81.86179096,-1.549401198,1.409297299,7.046486497,0,0,8.420341044,55.68641312,523.2432486,0,True
child_6y,6-year-old child,100,10,6,23,1.336,0,fixed_focal_object_distance_source_sizing,15.1,66.22516556,5,17.21556886,8.138209041,91.86179096,-1.721556886,1.581452988,7.90726494,0,0,8.078306939,51.25433252,953.6324702,0,True
child_6y,6-year-old child,110,9.090909091,6,23,1.336,0,fixed_focal_object_distance_source_sizing,15.1,66.22516556,5,17.21556886,8.138209041,101.861791,-1.893712575,1.753608677,8.768043383,0,0,7.798460854,47.76476818,1384.021692,0,True
child_6y,6-year-old child,120,8.333333333,6,23,1.336,0,fixed_focal_object_distance_source_sizing,15.1,66.22516556,5,17.21556886,8.138209041,111.861791,-2.065868263,1.925764365,9.628821827,0,0,7.565255783,44.95076774,1814.410913,-8.67361738e-13,True
child_6y,6-year-old child,60,16.66666667,6,23,1.336,0,fixed_focal_object_distance_source_sizing,16.7,59.88023952,5,17.21556886,1.793282999,58.206717,-1.032934132,1.002061745,5.010308724,0.9581359021,0.7210146831,10.6592554,89.23672391,0,4.33680869e-13,False
child_6y,6-year-old child,70,14.28571429,6,23,1.336,0,fixed_focal_object_distance_source_sizing,16.7,59.88023952,5,17.21556886,1.793282999,68.206717,-1.20508982,1.174217433,5.871087167,0.1069736304,0.008987592039,9.850790345,76.21352228,0,-4.33680869e-13,False
child_6y,6-year-old child,80,12.5,6,23,1.336,0,fixed_focal_object_distance_source_sizing,16.7,59.88023952,5,17.21556886,1.793282999,78.206717,-1.377245509,1.346373122,6.73186561,0,0,9.244441552,67.11989111,365.932805,0,True
child_6y,6-year-old child,90,11.11111111,6,23,1.336,0,fixed_focal_object_distance_source_sizing,16.7,59.88023952,5,17.21556886,1.793282999,88.206717,-1.549401198,1.518528811,7.592644053,0,0,8.772836935,60.44633801,796.3220266,0,True
child_6y,6-year-old child,100,10,6,23,1.336,0,fixed_focal_object_distance_source_sizing,16.7,59.88023952,5,17.21556886,1.793282999,98.206717,-1.721556886,1.690684499,8.453422496,0,0,8.395553241,55.35903634,1226.711248,0,True
child_6y,6-year-old child,110,9.090909091,6,23,1.336,0,fixed_focal_object_distance_source_sizing,16.7,59.88023952,5,17.21556886,1.793282999,108.206717,-1.893712575,1.862840188,9.314200939,0,0,8.086866583,51.36300659,1657.10047,0,True
child_6y,6-year-old child,120,8.333333333,6,23,1.336,0,fixed_focal_object_distance_source_sizing,16.7,59.88023952,5,17.21556886,1.793282999,118.206717,-2.065868263,2.034995877,10.17497938,0,0,7.829627701,48.14731854,2087.489691,-8.67361738e-13,True
adult_18y,18-year-old adult,60,16.66666667,6,23.6,1.336,0,fixed_focal_object_distance_source_sizing,12.8,78.125,5,17.66467066,21.51483051,38.48516949,-1.05988024,0.6798278443,3.399139222,2.453919492,4.729448512,8.868114407,61.76642365,0,0,False
adult_18y,18-year-old adult,70,14.28571429,6,23.6,1.336,0,fixed_focal_object_distance_source_sizing,12.8,78.125,5,17.66467066,21.51483051,48.48516949,-1.236526946,0.8564745509,4.282372754,1.38907385,1.515446303,8.315526634,54.30869901,0,0,False
adult_18y,18-year-old adult,80,12.5,6,23.6,1.336,0,fixed_focal_object_distance_source_sizing,12.8,78.125,5,17.66467066,21.51483051,58.48516949,-1.413173653,1.033121257,5.165606287,0.5904396186,0.2738046778,7.901085805,49.03017437,0,-4.33680869e-13,False
adult_18y,18-year-old adult,90,11.11111111,6,23.6,1.336,0,fixed_focal_object_distance_source_sizing,12.8,78.125,5,17.66467066,21.51483051,68.48516949,-1.589820359,1.209767964,6.04883982,0,0,7.578742938,45.11118489,24.41991018,0,True
adult_18y,18-year-old adult,100,10,6,23.6,1.336,0,fixed_focal_object_distance_source_sizing,12.8,78.125,5,17.66467066,21.51483051,78.48516949,-1.766467066,1.386414671,6.932073353,0,0,7.320868644,42.09350701,466.0366766,4.33680869e-13,True
adult_18y,18-year-old adult,110,9.090909091,6,23.6,1.336,0,fixed_focal_object_distance_source_sizing,12.8,78.125,5,17.66467066,21.51483051,88.48516949,-1.943113772,1.563061377,7.815306886,0,0,7.109880586,39.70219284,907.6534431,0,True
adult_18y,18-year-old adult,120,8.333333333,6,23.6,1.336,0,fixed_focal_object_distance_source_sizing,12.8,78.125,5,17.66467066,21.51483051,98.48516949,-2.119760479,1.739708084,8.698540419,0,0,6.934057203,37.76284635,1349.27021,0,True
adult_18y,18-year-old adult,60,16.66666667,6,23.6,1.336,0,fixed_focal_object_distance_source_sizing,14.75,67.79661017,5,17.66467066,11.18644068,48.81355932,-1.05988024,0.8622754491,4.311377246,1.593220339,1.993616252,9.728813559,74.33778951,0,-4.33680869e-13,False
adult_18y,18-year-old adult,70,14.28571429,6,23.6,1.336,0,fixed_focal_object_distance_source_sizing,14.75,67.79661017,5,17.66467066,11.18644068,58.81355932,-1.236526946,1.038922156,5.194610778,0.6513317191,0.3331918256,9.053268765,64.37254928,0,0,False
adult_18y,18-year-old adult,80,12.5,6,23.6,1.336,0,fixed_focal_object_distance_source_sizing,14.75,67.79661017,5,17.66467066,11.18644068,68.81355932,-1.413173653,1.215568862,6.077844311,0,0,8.546610169,57.36905179,38.92215569,-4.33680869e-13,True
adult_18y,18-year-old adult,90,11.11111111,6,23.6,1.336,0,fixed_focal_object_distance_source_sizing,14.75,67.79661017,5,17.66467066,11.18644068,78.81355932,-1.589820359,1.392215569,6.961077844,0,0,8.152542373,52.20066202,480.5389222,-1.301042607e-12,True
adult_18y,18-year-old adult,100,10,6,23.6,1.336,0,fixed_focal_object_distance_source_sizing,14.75,67.79661017,5,17.66467066,11.18644068,88.81355932,-1.766467066,1.568862275,7.844311377,0,0,7.837288136,48.2415784,922.1556886,0,True
adult_18y,18-year-old adult,110,9.090909091,6,23.6,1.336,0,fixed_focal_object_distance_source_sizing,14.75,67.79661017,5,17.66467066,11.18644068,98.81355932,-1.943113772,1.745508982,8.72754491,0,0,7.579352851,45.11844599,1363.772455,0,True
adult_18y,18-year-old adult,120,8.333333333,6,23.6,1.336,0,fixed_focal_object_distance_source_sizing,14.75,67.79661017,5,17.66467066,11.18644068,108.8135593,-2.119760479,1.922155689,9.610778443,0,0,7.36440678,42.59566665,1805.389222,0,True
adult_18y,18-year-old adult,60,16.66666667,6,23.6,1.336,0,fixed_focal_object_distance_source_sizing,16.7,59.88023952,5,17.66467066,3.270070029,56.72992997,-1.05988024,1.002115529,5.010577647,0.9335227849,0.6844468455,10.38851111,84.76108333,0,4.33680869e-13,False
adult_18y,18-year-old adult,70,14.28571429,6,23.6,1.336,0,fixed_focal_object_distance_source_sizing,16.7,59.88023952,5,17.66467066,3.270070029,66.72992997,-1.236526946,1.178762236,5.89381118,0.0858766728,0.005792156678,9.618723811,72.66491851,0,4.33680869e-13,False
adult_18y,18-year-old adult,80,12.5,6,23.6,1.336,0,fixed_focal_object_distance_source_sizing,16.7,59.88023952,5,17.66467066,3.270070029,76.72992997,-1.413173653,1.355408943,6.777044713,0,0,9.041383335,64.20363941,388.5223565,0,True
adult_18y,18-year-old adult,90,11.11111111,6,23.6,1.336,0,fixed_focal_object_distance_source_sizing,16.7,59.88023952,5,17.66467066,3.270070029,86.72992997,-1.589820359,1.532055649,7.660278246,0,0,8.592340742,57.98462649,830.139123,-4.33680869e-13,True
adult_18y,18-year-old adult,100,10,6,23.6,1.336,0,fixed_focal_object_distance_source_sizing,16.7,59.88023952,5,17.66467066,3.270070029,96.72992997,-1.766467066,1.708702356,8.543511779,0,0,8.233106668,53.23746477,1271.755889,0,True
adult_18y,18-year-old adult,110,9.090909091,6,23.6,1.336,0,fixed_focal_object_distance_source_sizing,16.7,59.88023952,5,17.66467066,3.270070029,106.72993,-1.943113772,1.885349062,9.426745312,0,0,7.93918788,49.50419931,1713.372656,0,True
adult_18y,18-year-old adult,120,8.333333333,6,23.6,1.336,0,fixed_focal_object_distance_source_sizing,16.7,59.88023952,5,17.66467066,3.270070029,116.72993,-2.119760479,2.061995769,10.30997884,0,0,7.694255557,46.49680323,2154.989422,0,True
