case_id,eye_id,mode,wavelength_nm,source_demand_D,source_distance_mm,effective_focal_length_mm,axial_length_mm,image_index,reduced_retina_distance_mm,target_diameter_mm,pupil_diameter_mm,external_lens_power_D,external_lens_vertex_distance_mm,conservative_source_diameter_mm,source_mapping_coefficient,pupil_mapping_coefficient,input_sha256
chickm30m45d_baseline_f7p5_a11p7_p2_d60_x0_48566da0e7,chick_30_45d,baseline,650,60,16.666666666666668,7.5,11.699999999999999,1.3360000000000001,8.7574850299401188,3,2,0,5,7.0712250712250722,-0.52544910179640714,0.35778443113772451,48566da0e76b79e16bf692e25fb117b1f237734caafe296ee0a766d7a76c33a4
chickm30m45d_baseline_f7p5_a11p7_p2_d70_x0_f695d7289f,chick_30_45d,baseline,650,70,14.285714285714286,7.5,11.699999999999999,1.3360000000000001,8.7574850299401188,3,2,0,5,6.3467643467643473,-0.61302395209580829,0.44535928143712578,f695d7289fed27a3b297a6f67a6989987b5c6d23e7e780daf233313f4761ef9c
chickm30m45d_baseline_f7p5_a11p7_p2_d80_x0_b7fca2704a,chick_30_45d,baseline,650,80,12.5,7.5,11.699999999999999,1.3360000000000001,8.7574850299401188,3,2,0,5,5.8034188034188041,-0.70059880239520944,0.53293413173652682,b7fca2704a63e55e224b8d4d74579f5efa584c8c22cb3b548cf2658163170005
chickm30m45d_baseline_f7p5_a11p7_p2_d90_x0_4322773231,chick_30_45d,baseline,650,90,11.111111111111111,7.5,11.699999999999999,1.3360000000000001,8.7574850299401188,3,2,0,5,5.3808167141500487,-0.78817365269461059,0.62050898203592808,432277323143e1cdac07707276a6e6065042e5e672f8c1979cbed13e6c2f0fdf
chickm30m45d_baseline_f7p5_a11p7_p2_d100_x0_bad5598589,chick_30_45d,baseline,650,100,10,7.5,11.699999999999999,1.3360000000000001,8.7574850299401188,3,2,0,5,5.0427350427350435,-0.87574850299401175,0.70808383233532923,bad5598589cfc6be4088fbaa18b117771d6d97103e0d279c808a00f4fb8ad8d3
chickm30m45d_baseline_f7p5_a11p7_p2_d110_x0_3373cfa4fc,chick_30_45d,baseline,650,110,9.0909090909090917,7.5,11.699999999999999,1.3360000000000001,8.7574850299401188,3,2,0,5,4.7661227661227672,-0.96332335329341312,0.7956586826347305,3373cfa4fc3d964916eafe9342633a2897be779218f1e3407e0f34586b66acf3
chickm30m45d_baseline_f7p5_a11p7_p2_d120_x0_f6b56ebd27,chick_30_45d,baseline,650,120,8.3333333333333339,7.5,11.699999999999999,1.3360000000000001,8.7574850299401188,3,2,0,5,4.535612535612537,-1.0508982035928143,0.88323353293413165,f6b56ebd27388c60490fccbe758d2664c6b936f6bd934efa44b100f5875659bf
chickm30m45d_baseline_f7p5_a11p7_p2p5_d60_x0_00e3ff342c,chick_30_45d,baseline,650,60,16.666666666666668,7.5,11.699999999999999,1.3360000000000001,8.7574850299401188,3,2.5,0,5,7.4116809116809126,-0.52544910179640714,0.35778443113772451,00e3ff342c86332a747aa6594e1921ee857ba35ec88f8e0686417562fad0d405
chickm30m45d_baseline_f7p5_a11p7_p2p5_d70_x0_c2a94fe8ec,chick_30_45d,baseline,650,70,14.285714285714286,7.5,11.699999999999999,1.3360000000000001,8.7574850299401188,3,2.5,0,5,6.710012210012211,-0.61302395209580829,0.44535928143712578,c2a94fe8ecaf190f5c848cd1c58620e6af2ee5c926b9699771dcfc15a420bd87
chickm30m45d_baseline_f7p5_a11p7_p2p5_d80_x0_d9a33bb696,chick_30_45d,baseline,650,80,12.5,7.5,11.699999999999999,1.3360000000000001,8.7574850299401188,3,2.5,0,5,6.183760683760684,-0.70059880239520944,0.53293413173652682,d9a33bb6962baff9871780ac41463d8922127a55bccaf83ac9f8910d337ee0d5
chickm30m45d_baseline_f7p5_a11p7_p2p5_d90_x0_52e3c6096c,chick_30_45d,baseline,650,90,11.111111111111111,7.5,11.699999999999999,1.3360000000000001,8.7574850299401188,3,2.5,0,5,5.7744539411206093,-0.78817365269461059,0.62050898203592808,52e3c6096c253f71345cbf1fb113522b56acdb54af7aba8a453408719f7fb206
chickm30m45d_baseline_f7p5_a11p7_p2p5_d100_x0_52a7aff55b,chick_30_45d,baseline,650,100,10,7.5,11.699999999999999,1.3360000000000001,8.7574850299401188,3,2.5,0,5,5.4470085470085472,-0.87574850299401175,0.70808383233532923,52a7aff55b0488216e7c8085b4365bad63ce6e26b3f5e4649df872ce913aca5d
chickm30m45d_baseline_f7p5_a11p7_p2p5_d110_x0_cfd7b110f4,chick_30_45d,baseline,650,110,9.0909090909090917,7.5,11.699999999999999,1.3360000000000001,8.7574850299401188,3,2.5,0,5,5.1790986790986793,-0.96332335329341312,0.7956586826347305,cfd7b110f45c19c02e548b8d16cd712030ec8134d25fc89277a348362f084842
chickm30m45d_baseline_f7p5_a11p7_p2p5_d120_x0_50033c0d5c,chick_30_45d,baseline,650,120,8.3333333333333339,7.5,11.699999999999999,1.3360000000000001,8.7574850299401188,3,2.5,0,5,4.9558404558404572,-1.0508982035928143,0.88323353293413165,50033c0d5c112a997de0dc4fc808f74362f1f60a3c9c34cd83abee7a83cf8469
chickm30m45d_baseline_f7p5_a11p7_p3_d60_x0_69c9cee4f0,chick_30_45d,baseline,650,60,16.666666666666668,7.5,11.699999999999999,1.3360000000000001,8.7574850299401188,3,3,0,5,7.7521367521367539,-0.52544910179640714,0.35778443113772451,69c9cee4f0bded163f31989ce4bbe459181a48ef314a5304ccc1862c6f7ad8bd
chickm30m45d_baseline_f7p5_a11p7_p3_d70_x0_ccfe7c5273,chick_30_45d,baseline,650,70,14.285714285714286,7.5,11.699999999999999,1.3360000000000001,8.7574850299401188,3,3,0,5,7.0732600732600748,-0.61302395209580829,0.44535928143712578,ccfe7c5273a811f4c7f6f1de9ddab4cfb08e796c4be51e85f038f94b55786a5e
chickm30m45d_baseline_f7p5_a11p7_p3_d80_x0_4cf7815d78,chick_30_45d,baseline,650,80,12.5,7.5,11.699999999999999,1.3360000000000001,8.7574850299401188,3,3,0,5,6.5641025641025648,-0.70059880239520944,0.53293413173652682,4cf7815d78da75c480c3a2372aa170a113c21091812818984957458ffb3d6486
chickm30m45d_baseline_f7p5_a11p7_p3_d90_x0_02bae7857a,chick_30_45d,baseline,650,90,11.111111111111111,7.5,11.699999999999999,1.3360000000000001,8.7574850299401188,3,3,0,5,6.168091168091169,-0.78817365269461059,0.62050898203592808,02bae7857a53553b192a01130a4283d85cc08eb0578c6eb00db6724e668175dc
chickm30m45d_baseline_f7p5_a11p7_p3_d100_x0_c8d6080e83,chick_30_45d,baseline,650,100,10,7.5,11.699999999999999,1.3360000000000001,8.7574850299401188,3,3,0,5,5.8512820512820536,-0.87574850299401175,0.70808383233532923,c8d6080e834abc22044c562c4cbbc8e15c08cbcc1c183ebef2f9e0682c048e02
chickm30m45d_baseline_f7p5_a11p7_p3_d110_x0_cd04fe16c9,chick_30_45d,baseline,650,110,9.0909090909090917,7.5,11.699999999999999,1.3360000000000001,8.7574850299401188,3,3,0,5,5.5920745920745922,-0.96332335329341312,0.7956586826347305,cd04fe16c986e2f5cf23bd501b72570c956a0ffa0245fa0e3a5d99a644691ac6
chickm30m45d_baseline_f7p5_a11p7_p3_d120_x0_97f8fc26f2,chick_30_45d,baseline,650,120,8.3333333333333339,7.5,11.699999999999999,1.3360000000000001,8.7574850299401188,3,3,0,5,5.3760683760683765,-1.0508982035928143,0.88323353293413165,97f8fc26f2d81cd55227fe88c6f39cca637e60f66f198fa3549f1c73d84cde55
chickm30m45d_baseline_f7p5_a11p7_p3p5_d60_x0_282eb7d7af,chick_30_45d,baseline,650,60,16.666666666666668,7.5,11.699999999999999,1.3360000000000001,8.7574850299401188,3,3.5,0,5,8.0925925925925934,-0.52544910179640714,0.35778443113772451,282eb7d7af815d10dbf9b137643055b21cd404516049874a20926ccdc2bbc851
chickm30m45d_baseline_f7p5_a11p7_p3p5_d70_x0_050e456459,chick_30_45d,baseline,650,70,14.285714285714286,7.5,11.699999999999999,1.3360000000000001,8.7574850299401188,3,3.5,0,5,7.4365079365079376,-0.61302395209580829,0.44535928143712578,050e45645955f1d5fe29299d432dc75c0e19d8a12a99fad3b9a964f6c8a95775
chickm30m45d_baseline_f7p5_a11p7_p3p5_d80_x0_52a62b859e,chick_30_45d,baseline,650,80,12.5,7.5,11.699999999999999,1.3360000000000001,8.7574850299401188,3,3.5,0,5,6.9444444444444455,-0.70059880239520944,0.53293413173652682,52a62b859eea6e89af89fa411a1e89ce5c03c8bcf2574f366e993463006ba1e7
chickm30m45d_baseline_f7p5_a11p7_p3p5_d90_x0_31c2953a82,chick_30_45d,baseline,650,90,11.111111111111111,7.5,11.699999999999999,1.3360000000000001,8.7574850299401188,3,3.5,0,5,6.5617283950617296,-0.78817365269461059,0.62050898203592808,31c2953a82d4bd769fec88ebd1f5e31aa9c8d69971618e92cbb0e682a25421c7
chickm30m45d_baseline_f7p5_a11p7_p3p5_d100_x0_0457aef95a,chick_30_45d,baseline,650,100,10,7.5,11.699999999999999,1.3360000000000001,8.7574850299401188,3,3.5,0,5,6.2555555555555564,-0.87574850299401175,0.70808383233532923,0457aef95a6f5927b6f2a776a09117e9132678d4a49cde71008a471e0b0794f2
chickm30m45d_baseline_f7p5_a11p7_p3p5_d110_x0_3594038759,chick_30_45d,baseline,650,110,9.0909090909090917,7.5,11.699999999999999,1.3360000000000001,8.7574850299401188,3,3.5,0,5,6.0050505050505052,-0.96332335329341312,0.7956586826347305,35940387594ad54dae68b7ed9fdddfc297c1c656ea3e9a0182db74f3b9fa18f6
chickm30m45d_baseline_f7p5_a11p7_p3p5_d120_x0_4ab466f660,chick_30_45d,baseline,650,120,8.3333333333333339,7.5,11.699999999999999,1.3360000000000001,8.7574850299401188,3,3.5,0,5,5.7962962962962967,-1.0508982035928143,0.88323353293413165,4ab466f6607468dbfe09c85775a277bfd3bebca422f9bdf5acef65f3fc041cd2
chickm30m45d_baseline_f8_a11p7_p2_d60_x0_ca136e7c5e,chick_30_45d,baseline,650,60,16.666666666666668,8,11.699999999999999,1.3360000000000001,8.7574850299401188,3,2,0,5,7.3490028490028498,-0.52544910179640714,0.43076347305389229,ca136e7c5e0f3e6cd5f03ee1b5d44f87dbcc80b5ba0c5e2d93d0fcb5430ccbbf
chickm30m45d_baseline_f8_a11p7_p2_d70_x0_47ad512c13,chick_30_45d,baseline,650,70,14.285714285714286,8,11.699999999999999,1.3360000000000001,8.7574850299401188,3,2,0,5,6.5848595848595863,-0.61302395209580829,0.51833832335329344,47ad512c13d476f0626f566d02b7f57ed9c7286549de66528ea13f756de29388
chickm30m45d_baseline_f8_a11p7_p2_d80_x0_b8dafc6d03,chick_30_45d,baseline,650,80,12.5,8,11.699999999999999,1.3360000000000001,8.7574850299401188,3,2,0,5,6.011752136752138,-0.70059880239520944,0.60591317365269459,b8dafc6d030d7b7ca2e80bb7cb3ce1a6b0fbfd4677d2c675f030c456af1172b7
chickm30m45d_baseline_f8_a11p7_p2_d90_x0_f4adf1ab37,chick_30_45d,baseline,650,90,11.111111111111111,8,11.699999999999999,1.3360000000000001,8.7574850299401188,3,2,0,5,5.5660018993352329,-0.7881736526946107,0.69348802395209586,f4adf1ab379ca054aaab80abcb166aecc8a20487b2333227cac5a96bbe0b2706
chickm30m45d_baseline_f8_a11p7_p2_d100_x0_7750209baf,chick_30_45d,baseline,650,100,10,8,11.699999999999999,1.3360000000000001,8.7574850299401188,3,2,0,5,5.2094017094017095,-0.87574850299401186,0.78106287425149701,7750209baf4854e44c2f45b38284ce27688d635c1a65c6467e0e267206499da5
chickm30m45d_baseline_f8_a11p7_p2_d110_x0_30103ff2c1,chick_30_45d,baseline,650,110,9.0909090909090917,8,11.699999999999999,1.3360000000000001,8.7574850299401188,3,2,0,5,4.9176379176379177,-0.96332335329341312,0.86863772455089827,30103ff2c1341520679fe4a98aab38c77ac2a12a489e6e366b892febd770b176
chickm30m45d_baseline_f8_a11p7_p2_d120_x0_f3cfe9020b,chick_30_45d,baseline,650,120,8.3333333333333339,8,11.699999999999999,1.3360000000000001,8.7574850299401188,3,2,0,5,4.6745014245014245,-1.0508982035928143,0.95621257485029953,f3cfe9020bba00e41f13388407f0c02eb41c4db12723446c940168be52ee94f4
chickm30m45d_baseline_f8_a11p7_p2p5_d60_x0_ac620eadcd,chick_30_45d,baseline,650,60,16.666666666666668,8,11.699999999999999,1.3360000000000001,8.7574850299401188,3,2.5,0,5,7.758903133903134,-0.52544910179640714,0.43076347305389229,ac620eadcdbf5e6d6c00ad95bc1166e8af79398c622dec3a177a4f906e66bf66
chickm30m45d_baseline_f8_a11p7_p2p5_d70_x0_3bed0d890e,chick_30_45d,baseline,650,70,14.285714285714286,8,11.699999999999999,1.3360000000000001,8.7574850299401188,3,2.5,0,5,7.0076312576312594,-0.61302395209580829,0.51833832335329344,3bed0d890e97f8f6b056299533c224ac691a9fe5b6f0f5c45bf84c4386131056
chickm30m45d_baseline_f8_a11p7_p2p5_d80_x0_5a0b9b13ad,chick_30_45d,baseline,650,80,12.5,8,11.699999999999999,1.3360000000000001,8.7574850299401188,3,2.5,0,5,6.4441773504273518,-0.70059880239520944,0.60591317365269459,5a0b9b13ad6b5d7ac529a9618025afe9cc397764709699d6f665c7aab0f844cb
chickm30m45d_baseline_f8_a11p7_p2p5_d90_x0_db279f4b56,chick_30_45d,baseline,650,90,11.111111111111111,8,11.699999999999999,1.3360000000000001,8.7574850299401188,3,2.5,0,5,6.0059354226020902,-0.7881736526946107,0.69348802395209586,db279f4b56a6b1dbfa1ba39fd9d9cbb10ff79d6bfb8ef49a301d232898fd6a90
chickm30m45d_baseline_f8_a11p7_p2p5_d100_x0_fd94012da4,chick_30_45d,baseline,650,100,10,8,11.699999999999999,1.3360000000000001,8.7574850299401188,3,2.5,0,5,5.6553418803418811,-0.87574850299401186,0.78106287425149701,fd94012da4d5a22b7ed7e8ec71cda0c2395e34a7d6a780b48eb7cd733b940ee1
chickm30m45d_baseline_f8_a11p7_p2p5_d110_x0_cdab33c301,chick_30_45d,baseline,650,110,9.0909090909090917,8,11.699999999999999,1.3360000000000001,8.7574850299401188,3,2.5,0,5,5.3684926184926187,-0.96332335329341312,0.86863772455089827,cdab33c30113d979729fa26592be4403d2a09de5985dd0a2a0408363bfccbe8c
chickm30m45d_baseline_f8_a11p7_p2p5_d120_x0_e55a040912,chick_30_45d,baseline,650,120,8.3333333333333339,8,11.699999999999999,1.3360000000000001,8.7574850299401188,3,2.5,0,5,5.1294515669515679,-1.0508982035928143,0.95621257485029953,e55a040912a954279e39c9a79651af0f15718bd70090f580e89e280525f15991
chickm30m45d_baseline_f8_a11p7_p3_d60_x0_ad54cc95fc,chick_30_45d,baseline,650,60,16.666666666666668,8,11.699999999999999,1.3360000000000001,8.7574850299401188,3,3,0,5,8.1688034188034191,-0.52544910179640714,0.43076347305389229,ad54cc95fcaffca104a5798e7b11ffc076a9d2660b6655a9c1d80ad7eb78fb9b
chickm30m45d_baseline_f8_a11p7_p3_d70_x0_3d9011b821,chick_30_45d,baseline,650,70,14.285714285714286,8,11.699999999999999,1.3360000000000001,8.7574850299401188,3,3,0,5,7.4304029304029307,-0.61302395209580829,0.51833832335329344,3d9011b8215acbe25de1403fb34fdf1f686aff9b5ba1f56f8dd9e2f5f19d4cb2
chickm30m45d_baseline_f8_a11p7_p3_d80_x0_9b84e183e4,chick_30_45d,baseline,650,80,12.5,8,11.699999999999999,1.3360000000000001,8.7574850299401188,3,3,0,5,6.8766025641025648,-0.70059880239520944,0.60591317365269459,9b84e183e4a8ec6e1e03f0794a9e790969a7aeb54911796d025eafd90f912dd9
chickm30m45d_baseline_f8_a11p7_p3_d90_x0_2213ebe6b3,chick_30_45d,baseline,650,90,11.111111111111111,8,11.699999999999999,1.3360000000000001,8.7574850299401188,3,3,0,5,6.4458689458689467,-0.7881736526946107,0.69348802395209586,2213ebe6b348b6bb1acfc78f52e2ded374a234cfef16f038ab561dcd74587d6b
chickm30m45d_baseline_f8_a11p7_p3_d100_x0_79d94bd3d8,chick_30_45d,baseline,650,100,10,8,11.699999999999999,1.3360000000000001,8.7574850299401188,3,3,0,5,6.1012820512820518,-0.87574850299401186,0.78106287425149701,79d94bd3d89ce8aba4dccac86c47be9caccf214dacb801558a64144357da81f4
chickm30m45d_baseline_f8_a11p7_p3_d110_x0_6cb0c3e27e,chick_30_45d,baseline,650,110,9.0909090909090917,8,11.699999999999999,1.3360000000000001,8.7574850299401188,3,3,0,5,5.8193473193473197,-0.96332335329341312,0.86863772455089827,6cb0c3e27ee48e3788a1cab8508399a5a1fc0b92ca8ce5f2f11f6d609fff6abd
chickm30m45d_baseline_f8_a11p7_p3_d120_x0_f991f74a52,chick_30_45d,baseline,650,120,8.3333333333333339,8,11.699999999999999,1.3360000000000001,8.7574850299401188,3,3,0,5,5.5844017094017104,-1.0508982035928143,0.95621257485029953,f991f74a52d7758a7884d51276b239b1ea3ff83b81b82c227b17e94e164f2d34
chickm30m45d_baseline_f8_a11p7_p3p5_d60_x0_a80e2d62c9,chick_30_45d,baseline,650,60,16.666666666666668,8,11.699999999999999,1.3360000000000001,8.7574850299401188,3,3.5,0,5,8.5787037037037059,-0.52544910179640714,0.43076347305389229,a80e2d62c9ab4ba560a15d41968134fa43978d672183ab659205ec072acd1f3e
chickm30m45d_baseline_f8_a11p7_p3p5_d70_x0_e1a3a1a14a,chick_30_45d,baseline,650,70,14.285714285714286,8,11.699999999999999,1.3360000000000001,8.7574850299401188,3,3.5,0,5,7.8531746031746046,-0.61302395209580829,0.51833832335329344,e1a3a1a14a88010c07b53bb1ff6f6f17deeb041e4fae41bfe40ffc0bc119430f
chickm30m45d_baseline_f8_a11p7_p3p5_d80_x0_75b324144e,chick_30_45d,baseline,650,80,12.5,8,11.699999999999999,1.3360000000000001,8.7574850299401188,3,3.5,0,5,7.3090277777777795,-0.70059880239520944,0.60591317365269459,75b324144eba3c4f4707f2f0d394d5b2929e1000c7d67b90a97e7a89a828b273
chickm30m45d_baseline_f8_a11p7_p3p5_d90_x0_be74fb4d5a,chick_30_45d,baseline,650,90,11.111111111111111,8,11.699999999999999,1.3360000000000001,8.7574850299401188,3,3.5,0,5,6.885802469135804,-0.7881736526946107,0.69348802395209586,be74fb4d5a471c4ae43b3b7ada3a66a09c317416d760034405cad02fc59fe103
chickm30m45d_baseline_f8_a11p7_p3p5_d100_x0_e39f603300,chick_30_45d,baseline,650,100,10,8,11.699999999999999,1.3360000000000001,8.7574850299401188,3,3.5,0,5,6.5472222222222225,-0.87574850299401186,0.78106287425149701,e39f6033008930928dcddd70419e818487dd0e45b2a3b52e51fe35130cb7bc4f
chickm30m45d_baseline_f8_a11p7_p3p5_d110_x0_0b47c95dbe,chick_30_45d,baseline,650,110,9.0909090909090917,8,11.699999999999999,1.3360000000000001,8.7574850299401188,3,3.5,0,5,6.2702020202020208,-0.96332335329341312,0.86863772455089827,0b47c95dbe2024c4882b9090195c6072e764d348fa3b7c5aef52f5fa4a6714a0
chickm30m45d_baseline_f8_a11p7_p3p5_d120_x0_e87d8827dc,chick_30_45d,baseline,650,120,8.3333333333333339,8,11.699999999999999,1.3360000000000001,8.7574850299401188,3,3.5,0,5,6.039351851851853,-1.0508982035928143,0.95621257485029953,e87d8827dc6c0c0a397741d09240d2d30e4591c93e49bc307b9392b45bfff758
chickm30m45d_baseline_f8p5_a11p7_p2_d60_x0_a8182e75a4,chick_30_45d,baseline,650,60,16.666666666666668,8.5,11.699999999999999,1.3360000000000001,8.7574850299401188,3,2,0,5,7.5941008882185352,-0.52544910179640714,0.4951567453328638,a8182e75a483ad0376c066752facd8bd4b18adc2b60dc5baa0a429bbe6b6a3c1
chickm30m45d_baseline_f8p5_a11p7_p2_d70_x0_1b5c771e61,chick_30_45d,baseline,650,70,14.285714285714286,8.5,11.699999999999999,1.3360000000000001,8.7574850299401188,3,2,0,5,6.794943618473031,-0.61302395209580829,0.58273159563226495,1b5c771e61689cd0f170477f8cc3f133648f6bfb3b3f62d34a8be6230f2bc370
chickm30m45d_baseline_f8p5_a11p7_p2_d80_x0_a7fd0b1519,chick_30_45d,baseline,650,80,12.5,8.5,11.699999999999999,1.3360000000000001,8.7574850299401188,3,2,0,5,6.1955756661639025,-0.70059880239520944,0.67030644593166611,a7fd0b15196113d7296dac290f38f823d0ac080b6a3c96b7510f1940816ee46f
chickm30m45d_baseline_f8p5_a11p7_p2_d90_x0_c6481c3468,chick_30_45d,baseline,650,90,11.111111111111111,8.5,11.699999999999999,1.3360000000000001,8.7574850299401188,3,2,0,5,5.7294005921456908,-0.7881736526946107,0.75788129623106737,c6481c346803fa210633bdeacae2cd988001167034611c0df4480d843f5f09a1
chickm30m45d_baseline_f8p5_a11p7_p2_d100_x0_ed386ce771,chick_30_45d,baseline,650,100,10,8.5,11.699999999999999,1.3360000000000001,8.7574850299401188,3,2,0,5,5.3564605329311226,-0.87574850299401175,0.84545614653046841,ed386ce771f5444f294355182108d81169eda63f7659eb6acb008a1dfcc27710
chickm30m45d_baseline_f8p5_a11p7_p2_d110_x0_b58a960ba3,chick_30_45d,baseline,650,110,9.0909090909090917,8.5,11.699999999999999,1.3360000000000001,8.7574850299401188,3,2,0,5,5.0513277572101103,-0.96332335329341312,0.93303099682986979,b58a960ba3b81244f700dd0f294666c366ce377f4771fd0810d4d7bda87ab342
chickm30m45d_baseline_f8p5_a11p7_p2_d120_x0_a86072db34,chick_30_45d,baseline,650,120,8.3333333333333339,8.5,11.699999999999999,1.3360000000000001,8.7574850299401188,3,2,0,5,4.7970504441092681,-1.0508982035928143,1.0206058471292709,a86072db34e43d44f348c90c8de3f310fb8fc39fa9326bd64678afa86ed633c3
chickm30m45d_baseline_f8p5_a11p7_p2p5_d60_x0_ef77b99ba1,chick_30_45d,baseline,650,60,16.666666666666668,8.5,11.699999999999999,1.3360000000000001,8.7574850299401188,3,2.5,0,5,8.0652756829227421,-0.52544910179640714,0.4951567453328638,ef77b99ba119c1cba97eea34c3ddfa618e803daa219d00085d5ee71cfbae1642
chickm30m45d_baseline_f8p5_a11p7_p2p5_d70_x0_17145fe6f0,chick_30_45d,baseline,650,70,14.285714285714286,8.5,11.699999999999999,1.3360000000000001,8.7574850299401188,3,2.5,0,5,7.2702362996480652,-0.61302395209580829,0.58273159563226495,17145fe6f0fc48564b7261ffe112daa667b8f087246423182cbf1972877bdc4d
chickm30m45d_baseline_f8p5_a11p7_p2p5_d80_x0_5a82646b2c,chick_30_45d,baseline,650,80,12.5,8.5,11.699999999999999,1.3360000000000001,8.7574850299401188,3,2.5,0,5,6.6739567621920566,-0.70059880239520944,0.67030644593166611,5a82646b2cc080bb09ac0397764dbeca0efbb144cb264503057e028bfe07ecfb
chickm30m45d_baseline_f8p5_a11p7_p2p5_d90_x0_f2813b50b3,chick_30_45d,baseline,650,90,11.111111111111111,8.5,11.699999999999999,1.3360000000000001,8.7574850299401188,3,2.5,0,5,6.2101837886151623,-0.7881736526946107,0.75788129623106737,f2813b50b3b35dd5b5e6792bfe0ebfff6cb18bea1592be404fe57dcc76a24530
chickm30m45d_baseline_f8p5_a11p7_p2p5_d100_x0_80d5764542,chick_30_45d,baseline,650,100,10,8.5,11.699999999999999,1.3360000000000001,8.7574850299401188,3,2.5,0,5,5.8391654097536474,-0.87574850299401175,0.84545614653046841,80d57645420ff1723930b0e2d896f31b9dbf2e87c207334cdc3e6b305e65b1c4
chickm30m45d_baseline_f8p5_a11p7_p2p5_d110_x0_b3cf0272d1,chick_30_45d,baseline,650,110,9.0909090909090917,8.5,11.699999999999999,1.3360000000000001,8.7574850299401188,3,2.5,0,5,5.5356049179578593,-0.96332335329341312,0.93303099682986979,b3cf0272d10c7daf8edb4e81c7fe18ce70e00825ff756d6e261ed4a051fd19d9
chickm30m45d_baseline_f8p5_a11p7_p2p5_d120_x0_7c850a9160,chick_30_45d,baseline,650,120,8.3333333333333339,8.5,11.699999999999999,1.3360000000000001,8.7574850299401188,3,2.5,0,5,5.2826378414613719,-1.0508982035928143,1.0206058471292709,7c850a9160dce3d0a3f94e2bfe4947186c8d54bb31bc6b6deac1bf814bfa2831
chickm30m45d_baseline_f8p5_a11p7_p3_d60_x0_ade7a887e1,chick_30_45d,baseline,650,60,16.666666666666668,8.5,11.699999999999999,1.3360000000000001,8.7574850299401188,3,3,0,5,8.5364504776269499,-0.52544910179640714,0.4951567453328638,ade7a887e137c1582eef987fb6783f92314fd5c1d4608de8bd81141cc2b81596
chickm30m45d_baseline_f8p5_a11p7_p3_d70_x0_59fc0acab0,chick_30_45d,baseline,650,70,14.285714285714286,8.5,11.699999999999999,1.3360000000000001,8.7574850299401188,3,3,0,5,7.7455289808231003,-0.61302395209580829,0.58273159563226495,59fc0acab0a01c6824678f9c76d6d4366d1d3dd63fe74e4dc40735e20e2da03e
chickm30m45d_baseline_f8p5_a11p7_p3_d80_x0_14cabd4d9f,chick_30_45d,baseline,650,80,12.5,8.5,11.699999999999999,1.3360000000000001,8.7574850299401188,3,3,0,5,7.1523378582202124,-0.70059880239520944,0.67030644593166611,14cabd4d9f62fe3a4414e9fff599294b9c792faf028dc5a55a81e0d7a26efa05
chickm30m45d_baseline_f8p5_a11p7_p3_d90_x0_ff1e30342b,chick_30_45d,baseline,650,90,11.111111111111111,8.5,11.699999999999999,1.3360000000000001,8.7574850299401188,3,3,0,5,6.6909669850846329,-0.7881736526946107,0.75788129623106737,ff1e30342b55554ba09bda9d570fb2f98f2361491a4cc3a2d7a086506f609fe4
chickm30m45d_baseline_f8p5_a11p7_p3_d100_x0_15907717ba,chick_30_45d,baseline,650,100,10,8.5,11.699999999999999,1.3360000000000001,8.7574850299401188,3,3,0,5,6.3218702865761705,-0.87574850299401175,0.84545614653046841,15907717bab6263e4f7057a878facd912433eaa93fc632752e597a6af77310c2
chickm30m45d_baseline_f8p5_a11p7_p3_d110_x0_b6f5b1b04b,chick_30_45d,baseline,650,110,9.0909090909090917,8.5,11.699999999999999,1.3360000000000001,8.7574850299401188,3,3,0,5,6.0198820787056091,-0.96332335329341312,0.93303099682986979,b6f5b1b04b0b75385d4dbd2998a934ea26901decfb8decd0a2e2ce7548a0d19a
chickm30m45d_baseline_f8p5_a11p7_p3_d120_x0_1f844eab29,chick_30_45d,baseline,650,120,8.3333333333333339,8.5,11.699999999999999,1.3360000000000001,8.7574850299401188,3,3,0,5,5.7682252388134749,-1.0508982035928143,1.0206058471292709,1f844eab293145d12352186de67427d98fcf6c5e17df9ecbd563a28ed8d6dcb6
chickm30m45d_baseline_f8p5_a11p7_p3p5_d60_x0_09f9863e72,chick_30_45d,baseline,650,60,16.666666666666668,8.5,11.699999999999999,1.3360000000000001,8.7574850299401188,3,3.5,0,5,9.0076252723311558,-0.52544910179640714,0.4951567453328638,09f9863e7200bf41a27f3a375ea511f30e16d2a1e94a9f9c7e079822f19707d6
chickm30m45d_baseline_f8p5_a11p7_p3p5_d70_x0_5f07ba05ee,chick_30_45d,baseline,650,70,14.285714285714286,8.5,11.699999999999999,1.3360000000000001,8.7574850299401188,3,3.5,0,5,8.2208216619981354,-0.61302395209580829,0.58273159563226495,5f07ba05ee26a812198fb0a787d002c309683ef1a4d4a122d4cc3c410a7c0c9d
chickm30m45d_baseline_f8p5_a11p7_p3p5_d80_x0_a47504f0e6,chick_30_45d,baseline,650,80,12.5,8.5,11.699999999999999,1.3360000000000001,8.7574850299401188,3,3.5,0,5,7.6307189542483673,-0.70059880239520944,0.67030644593166611,a47504f0e676420b50f52d40785744e8eff7deebc6a4fd95e174b0584424d8c6
chickm30m45d_baseline_f8p5_a11p7_p3p5_d90_x0_9ea50b49df,chick_30_45d,baseline,650,90,11.111111111111111,8.5,11.699999999999999,1.3360000000000001,8.7574850299401188,3,3.5,0,5,7.1717501815541045,-0.7881736526946107,0.75788129623106737,9ea50b49df48f2db186bf77bbb4afe76c51d3100ff85c2ac153ece2d43273a8b
chickm30m45d_baseline_f8p5_a11p7_p3p5_d100_x0_a498f7eee9,chick_30_45d,baseline,650,100,10,8.5,11.699999999999999,1.3360000000000001,8.7574850299401188,3,3.5,0,5,6.8045751633986953,-0.87574850299401175,0.84545614653046841,a498f7eee9a893a9ea9f011363e2378cf6977e199a0c0f95ef93da836565039d
chickm30m45d_baseline_f8p5_a11p7_p3p5_d110_x0_fceaea27e0,chick_30_45d,baseline,650,110,9.0909090909090917,8.5,11.699999999999999,1.3360000000000001,8.7574850299401188,3,3.5,0,5,6.5041592394533581,-0.96332335329341312,0.93303099682986979,fceaea27e0c701e93100f64f8f860c5c8555d7f69385576fc86b6dd291ff86d9
chickm30m45d_baseline_f8p5_a11p7_p3p5_d120_x0_ee13e7fc39,chick_30_45d,baseline,650,120,8.3333333333333339,8.5,11.699999999999999,1.3360000000000001,8.7574850299401188,3,3.5,0,5,6.2538126361655788,-1.0508982035928143,1.0206058471292709,ee13e7fc392bbb3bf1b6b0506d0117a7fd7f2253ead194980a45a335e349dd60
childm6y_baseline_f13p5_a23_p2_d60_x0_5ec0b48c61,child_6y,baseline,650,60,16.666666666666668,13.5,23,1.3359999999999999,17.21556886227545,6,2,0,12,7.2757917337627482,-1.032934131736527,0.75770680860501216,5ec0b48c617a37a54d35669e773a840933effefc952b9b6bb0144e87834479b0
childm6y_baseline_f13p5_a23_p2_d70_x0_a32d1d120a,child_6y,baseline,650,70,14.285714285714286,13.5,23,1.3359999999999999,17.21556886227545,6,2,0,12,6.5221072003680707,-1.2050898203592815,0.92986249722776659,a32d1d120aa1989268b6453d3aec57b0886e2d165dc14b7208ff66f416b5bdf9
childm6y_baseline_f13p5_a23_p2_d80_x0_02b5cedfca,child_6y,baseline,650,80,12.5,13.5,23,1.3359999999999999,17.21556886227545,6,2,0,12,5.9568438003220621,-1.3772455089820359,1.1020181858505211,02b5cedfca1949d529134b0c8989df30a142643c55530bc5be99a7dc77d54bcb
childm6y_baseline_f13p5_a23_p2_d90_x0_0266eae658,child_6y,baseline,650,90,11.111111111111111,13.5,23,1.3359999999999999,17.21556886227545,6,2,0,12,5.5171944891751661,-1.5494011976047903,1.2741738744732756,0266eae658b6c1caccf2471078152b80f778a9fee542982ece7042d720314db0
childm6y_baseline_f13p5_a23_p2_d100_x0_5170f81fcc,child_6y,baseline,650,100,10,13.5,23,1.3359999999999999,17.21556886227545,6,2,0,12,5.1654750402576495,-1.7215568862275448,1.44632956309603,5170f81fcc89bb715b31bdb48204d760a28dd1a0055be4df1f4ff2e08aa84826
childm6y_baseline_f13p5_a23_p2_d110_x0_0caf42f10f,child_6y,baseline,650,110,9.0909090909090917,13.5,23,1.3359999999999999,17.21556886227545,6,2,0,12,4.8777045820524076,-1.8937125748502996,1.6184852517187849,0caf42f10f2689f2c05f4ef1493966b1bea516048a98f65d86f60dcfbd6588fe
childm6y_baseline_f13p5_a23_p2_d120_x0_2f7d07344f,child_6y,baseline,650,120,8.3333333333333339,13.5,23,1.3359999999999999,17.21556886227545,6,2,0,12,4.6378958668813741,-2.0658682634730541,1.7906409403415391,2f7d07344f44665fcb613d1867572156a398aa04c3db1e236cb3a63d67a78463
childm6y_baseline_f13p5_a23_p3_d60_x0_15fcf139ed,child_6y,baseline,650,60,16.666666666666668,13.5,23,1.3359999999999999,17.21556886227545,6,3,0,12,8.0093397745571639,-1.032934131736527,0.75770680860501216,15fcf139ed1ad99b6ed388a1542f8852ae7e24c962f9c584670942385fca1c89
childm6y_baseline_f13p5_a23_p3_d70_x0_a366044bd6,child_6y,baseline,650,70,14.285714285714286,13.5,23,1.3359999999999999,17.21556886227545,6,3,0,12,7.293719806763284,-1.2050898203592815,0.92986249722776659,a366044bd651eafd1596c9cf1026b3a1cb6369cce43e86a89495a87f9f76d198
childm6y_baseline_f13p5_a23_p3_d80_x0_bbb0324824,child_6y,baseline,650,80,12.5,13.5,23,1.3359999999999999,17.21556886227545,6,3,0,12,6.7570048309178743,-1.3772455089820359,1.1020181858505211,bbb0324824eece56055d2f0228d0ed2ff64c33fbc640ae7b53edb2a665f3346f
childm6y_baseline_f13p5_a23_p3_d90_x0_efab581d08,child_6y,baseline,650,90,11.111111111111111,13.5,23,1.3359999999999999,17.21556886227545,6,3,0,12,6.339559849704778,-1.5494011976047903,1.2741738744732756,efab581d08c23224ad5304136bd30f7d2869a3add075075563459fe0a08f402c
childm6y_baseline_f13p5_a23_p3_d100_x0_8ca8db3768,child_6y,baseline,650,100,10,13.5,23,1.3359999999999999,17.21556886227545,6,3,0,12,6.0056038647343,-1.7215568862275448,1.44632956309603,8ca8db3768cdc1fb75d0fba560c3bd8b2a9dccf645f0054261ff803e6257d067
childm6y_baseline_f13p5_a23_p3_d110_x0_33d1ff1e59,child_6y,baseline,650,110,9.0909090909090917,13.5,23,1.3359999999999999,17.21556886227545,6,3,0,12,5.7323671497584536,-1.8937125748502996,1.6184852517187849,33d1ff1e59c7f4f720c2cefeea7c7543745ab5308cd75e44fea55753bd362f64
childm6y_baseline_f13p5_a23_p3_d120_x0_38d30c2b70,child_6y,baseline,650,120,8.3333333333333339,13.5,23,1.3359999999999999,17.21556886227545,6,3,0,12,5.5046698872785829,-2.0658682634730541,1.7906409403415391,38d30c2b70a9af03e218c67fbbbbdc4f55a0adec716af26730979c7660461693
childm6y_baseline_f13p5_a23_p4_d60_x0_51380527fc,child_6y,baseline,650,60,16.666666666666668,13.5,23,1.3359999999999999,17.21556886227545,6,4,0,12,8.7428878153515832,-1.032934131736527,0.75770680860501216,51380527fccdc48c471d59424d378f5107b37a444c76f87ff53ab36ec2643269
childm6y_baseline_f13p5_a23_p4_d70_x0_506991ca4e,child_6y,baseline,650,70,14.285714285714286,13.5,23,1.3359999999999999,17.21556886227545,6,4,0,12,8.0653324131584991,-1.2050898203592815,0.92986249722776659,506991ca4e7b265a6ca16cbbe11d9762b1a02077a95717492d046959f4bf62e5
childm6y_baseline_f13p5_a23_p4_d80_x0_ee59a28d2c,child_6y,baseline,650,80,12.5,13.5,23,1.3359999999999999,17.21556886227545,6,4,0,12,7.5571658615136874,-1.3772455089820359,1.1020181858505211,ee59a28d2ce9914dc5f305000b6e2818714153d5bd0585cff4e870f8596757b8
childm6y_baseline_f13p5_a23_p4_d90_x0_339a22935e,child_6y,baseline,650,90,11.111111111111111,13.5,23,1.3359999999999999,17.21556886227545,6,4,0,12,7.1619252102343882,-1.5494011976047903,1.2741738744732756,339a22935e643a3d93ff9d0658ea7a2c03001b8f476b9141c8fed96f5c84b082
childm6y_baseline_f13p5_a23_p4_d100_x0_24ca512d62,child_6y,baseline,650,100,10,13.5,23,1.3359999999999999,17.21556886227545,6,4,0,12,6.8457326892109505,-1.7215568862275448,1.44632956309603,24ca512d6290126d8443cbeb5110c81da3ea10447d973bf360b1f6f2ad2db4ae
childm6y_baseline_f13p5_a23_p4_d110_x0_c13a40bde2,child_6y,baseline,650,110,9.0909090909090917,13.5,23,1.3359999999999999,17.21556886227545,6,4,0,12,6.5870297174644996,-1.8937125748502996,1.6184852517187849,c13a40bde24049e8f8c2ccc8dbc525fdb2831d3a6a2a7f94a1eba370b6b455cb
childm6y_baseline_f13p5_a23_p4_d120_x0_3d9e144318,child_6y,baseline,650,120,8.3333333333333339,13.5,23,1.3359999999999999,17.21556886227545,6,4,0,12,6.3714439076757916,-2.0658682634730541,1.7906409403415391,3d9e14431881b9fd39bf1e84d415c0974460a9b900f5717035729fcf5cac8d1b
childm6y_baseline_f13p5_a23_p5_d60_x0_2a3c17e4bc,child_6y,baseline,650,60,16.666666666666668,13.5,23,1.3359999999999999,17.21556886227545,6,5,0,12,9.4764358561459989,-1.032934131736527,0.75770680860501216,2a3c17e4bc4b6004a78561e293a9606308773f45ee06b7a2e485279852e728ec
childm6y_baseline_f13p5_a23_p5_d70_x0_92cf261b41,child_6y,baseline,650,70,14.285714285714286,13.5,23,1.3359999999999999,17.21556886227545,6,5,0,12,8.8369450195537151,-1.2050898203592815,0.92986249722776659,92cf261b4122cb4304a4ca783bb6a8937567fce6dc03be4a68e9d4f102ae5b20
childm6y_baseline_f13p5_a23_p5_d80_x0_6f4be4e0b7,child_6y,baseline,650,80,12.5,13.5,23,1.3359999999999999,17.21556886227545,6,5,0,12,8.3573268921095014,-1.3772455089820359,1.1020181858505211,6f4be4e0b788eae0350970da376b35a365f58009b1375b3e7702b6041a753d91
childm6y_baseline_f13p5_a23_p5_d90_x0_da3c82df86,child_6y,baseline,650,90,11.111111111111111,13.5,23,1.3359999999999999,17.21556886227545,6,5,0,12,7.9842905707640002,-1.5494011976047903,1.2741738744732756,da3c82df86acf076b754602f38a27801b23420023ff45c5f5707fb600ca403d3
childm6y_baseline_f13p5_a23_p5_d100_x0_6db1a18351,child_6y,baseline,650,100,10,13.5,23,1.3359999999999999,17.21556886227545,6,5,0,12,7.6858615136876018,-1.7215568862275448,1.44632956309603,6db1a183519db9d0549b8402f4bce33be640b51487c39e3e3d9a0df5df5131e2
childm6y_baseline_f13p5_a23_p5_d110_x0_7af10bf935,child_6y,baseline,650,110,9.0909090909090917,13.5,23,1.3359999999999999,17.21556886227545,6,5,0,12,7.4416922851705456,-1.8937125748502996,1.6184852517187849,7af10bf9358dc8194309cd431837d7a8f94fbafe3daad5657daa7266a511cf43
childm6y_baseline_f13p5_a23_p5_d120_x0_b58c10d649,child_6y,baseline,650,120,8.3333333333333339,13.5,23,1.3359999999999999,17.21556886227545,6,5,0,12,7.2382179280730004,-2.0658682634730541,1.7906409403415391,b58c10d649e6c64331bc22af62a9d7a582c2c82a119263f85f232a9254585cc3
childm6y_baseline_f15p1_a23_p2_d60_x0_0e615f0d08,child_6y,baseline,650,60,16.666666666666668,15.1,23,1.3359999999999999,17.21556886227545,6,2,0,12,7.5374220174680859,-1.032934131736527,0.89283023357258984,0e615f0d0819914f165715d0aa895dd337884ad63a4957cc19272c34e8751b30
childm6y_baseline_f15p1_a23_p2_d70_x0_9d2febffd7,child_6y,baseline,650,70,14.285714285714286,15.1,23,1.3359999999999999,17.21556886227545,6,2,0,12,6.7463617292583606,-1.2050898203592815,1.0649859221953444,9d2febffd7b0a3eda6188eb721ef30bee237540535f35e50e21c2ccef48c2ad1
childm6y_baseline_f15p1_a23_p2_d80_x0_92396e04c9,child_6y,baseline,650,80,12.5,15.1,23,1.3359999999999999,17.21556886227545,6,2,0,12,6.1530665131010656,-1.3772455089820359,1.2371416108180988,92396e04c9e6b97088fb7d24b73cd93fd6f96aea1c401bd1e6eacd68530d5007
childm6y_baseline_f15p1_a23_p2_d90_x0_efc483eb2e,child_6y,baseline,650,90,11.111111111111111,15.1,23,1.3359999999999999,17.21556886227545,6,2,0,12,5.6916146783120585,-1.5494011976047903,1.4092972994408532,efc483eb2eba6514a05460d95218c060c5012d900bac3bf5c5d49bcf9a1a88a4
childm6y_baseline_f15p1_a23_p2_d100_x0_863f2f5142,child_6y,baseline,650,100,10,15.1,23,1.3359999999999999,17.21556886227545,6,2,0,12,5.3224532104808517,-1.721556886227545,1.5814529880636079,863f2f5142ed52228f8258045be364ed453ae49d23bb580a87202c243ea1b249
childm6y_baseline_f15p1_a23_p2_d110_x0_4bdefe7689,child_6y,baseline,650,110,9.0909090909090917,15.1,23,1.3359999999999999,17.21556886227545,6,2,0,12,5.0204120095280471,-1.8937125748502996,1.7536086766863626,4bdefe768905833870e85a98fb53623e8c2b3573b8e767f3a29da88c8584e1fc
childm6y_baseline_f15p1_a23_p2_d120_x0_2f411ffe79,child_6y,baseline,650,120,8.3333333333333339,15.1,23,1.3359999999999999,17.21556886227545,6,2,0,12,4.7687110087340434,-2.0658682634730541,1.9257643653091168,2f411ffe797aa3666a143594acdbb8b7643c09aadea64d0ff1dd66d0bbdd17ba
childm6y_baseline_f15p1_a23_p3_d60_x0_d4ffc18703,child_6y,baseline,650,60,16.666666666666668,15.1,23,1.3359999999999999,17.21556886227545,6,3,0,12,8.4017852001151727,-1.032934131736527,0.89283023357258984,d4ffc187033793a6e7dce696d68f38b54c333b8cf41dee1dc0cf55561fc5b840
childm6y_baseline_f15p1_a23_p3_d70_x0_c369b71c4f,child_6y,baseline,650,70,14.285714285714286,15.1,23,1.3359999999999999,17.21556886227545,6,3,0,12,7.6301016000987216,-1.2050898203592815,1.0649859221953444,c369b71c4fd8060e84f8208e8ec1113ad4dfc86742434b249bcd2426ddbe89d5
childm6y_baseline_f15p1_a23_p3_d80_x0_17ebf0f16a,child_6y,baseline,650,80,12.5,15.1,23,1.3359999999999999,17.21556886227545,6,3,0,12,7.05133890008638,-1.3772455089820359,1.2371416108180988,17ebf0f16ab99ade4e28ce37c2f8bce37bc9636494df0bb56bb631e1d81ab59e
childm6y_baseline_f15p1_a23_p3_d90_x0_22ebe5c609,child_6y,baseline,650,90,11.111111111111111,15.1,23,1.3359999999999999,17.21556886227545,6,3,0,12,6.6011901334101157,-1.5494011976047903,1.4092972994408532,22ebe5c609142cf40c87dd3d7d690e0619bd3e93a2e36fa902faf6d886544bf3
childm6y_baseline_f15p1_a23_p3_d100_x0_550a12b2d3,child_6y,baseline,650,100,10,15.1,23,1.3359999999999999,17.21556886227545,6,3,0,12,6.2410711200691038,-1.721556886227545,1.5814529880636079,550a12b2d3da5337de95b0e4b5137649eaa120a6df3faedb0a0e92ab451ab3b3
childm6y_baseline_f15p1_a23_p3_d110_x0_bafb2d6b0b,child_6y,baseline,650,110,9.0909090909090917,15.1,23,1.3359999999999999,17.21556886227545,6,3,0,12,5.9464282909719133,-1.8937125748502996,1.7536086766863626,bafb2d6b0bb08036762b9edd3e47fcc1d4ed59c054565d2793e41c4438cceebb
childm6y_baseline_f15p1_a23_p3_d120_x0_31d91d3631,child_6y,baseline,650,120,8.3333333333333339,15.1,23,1.3359999999999999,17.21556886227545,6,3,0,12,5.7008926000575872,-2.0658682634730541,1.9257643653091168,31d91d36318c6c44bea6257e69214e1bd6f3d83f21fdd2383feef0bd3b6a54dd
childm6y_baseline_f15p1_a23_p4_d60_x0_33be4c1553,child_6y,baseline,650,60,16.666666666666668,15.1,23,1.3359999999999999,17.21556886227545,6,4,0,12,9.2661483827622604,-1.032934131736527,0.89283023357258984,33be4c15537d87ffc9aa812fe49b52fb6568e13803c521a353ae3f2c1bbf02f4
childm6y_baseline_f15p1_a23_p4_d70_x0_92b396cb9d,child_6y,baseline,650,70,14.285714285714286,15.1,23,1.3359999999999999,17.21556886227545,6,4,0,12,8.5138414709390808,-1.2050898203592815,1.0649859221953444,92b396cb9d8b6da32c121520dbb62ff515f106d33e2ac59402b10392431c62ad
childm6y_baseline_f15p1_a23_p4_d80_x0_4ec35f5db1,child_6y,baseline,650,80,12.5,15.1,23,1.3359999999999999,17.21556886227545,6,4,0,12,7.9496112870716953,-1.3772455089820359,1.2371416108180988,4ec35f5db1cb7564cd7afa50190bfc218abe1220efc1c1a8289f9b2709f8ae5d
childm6y_baseline_f15p1_a23_p4_d90_x0_41381d73b5,child_6y,baseline,650,90,11.111111111111111,15.1,23,1.3359999999999999,17.21556886227545,6,4,0,12,7.5107655885081739,-1.5494011976047903,1.4092972994408532,41381d73b5a1a4066e494733119182045e30024701b98ca2fe8960b35dd9ed9f
childm6y_baseline_f15p1_a23_p4_d100_x0_7e6e6c3d29,child_6y,baseline,650,100,10,15.1,23,1.3359999999999999,17.21556886227545,6,4,0,12,7.1596890296573559,-1.721556886227545,1.5814529880636079,7e6e6c3d29d00b03daec316672b036c6d20dc57cb68613ea9e529564d9209047
childm6y_baseline_f15p1_a23_p4_d110_x0_b17e8fc276,child_6y,baseline,650,110,9.0909090909090917,15.1,23,1.3359999999999999,17.21556886227545,6,4,0,12,6.8724445724157777,-1.8937125748502996,1.7536086766863626,b17e8fc276ee3e529d7ef14027e1aedd5c2dea536c8318cc851d3aaf4143e0a5
childm6y_baseline_f15p1_a23_p4_d120_x0_892fbe5230,child_6y,baseline,650,120,8.3333333333333339,15.1,23,1.3359999999999999,17.21556886227545,6,4,0,12,6.6330741913811302,-2.0658682634730541,1.9257643653091168,892fbe523071c1a0814bc626da1d28e8d3921b2f4a6f2c2fc80e37fa345af472
childm6y_baseline_f15p1_a23_p5_d60_x0_c0032f7d12,child_6y,baseline,650,60,16.666666666666668,15.1,23,1.3359999999999999,17.21556886227545,6,5,0,12,10.130511565409348,-1.032934131736527,0.89283023357258984,c0032f7d12d85a26d973df645ccf54091aa1a3c7328bf401246ba6f06afed3ca
childm6y_baseline_f15p1_a23_p5_d70_x0_a49fd6c9d1,child_6y,baseline,650,70,14.285714285714286,15.1,23,1.3359999999999999,17.21556886227545,6,5,0,12,9.3975813417794409,-1.2050898203592815,1.0649859221953444,a49fd6c9d186732da9765d02bea9dfa9bed76e7e2139eee461ca6cc843fc9bcf
childm6y_baseline_f15p1_a23_p5_d80_x0_451e222dd2,child_6y,baseline,650,80,12.5,15.1,23,1.3359999999999999,17.21556886227545,6,5,0,12,8.8478836740570106,-1.3772455089820359,1.2371416108180988,451e222dd28f4b60dc68472233bf81ccbe69e5f3817a261dd753f6e38a6fa589
childm6y_baseline_f15p1_a23_p5_d90_x0_c84edb84b9,child_6y,baseline,650,90,11.111111111111111,15.1,23,1.3359999999999999,17.21556886227545,6,5,0,12,8.420341043606232,-1.5494011976047903,1.4092972994408532,c84edb84b90faf41afc10d7d7e0d235413ccbf6f41fcf135263b881a7ab9b9be
childm6y_baseline_f15p1_a23_p5_d100_x0_6c0400d2ee,child_6y,baseline,650,100,10,15.1,23,1.3359999999999999,17.21556886227545,6,5,0,12,8.0783069392456088,-1.721556886227545,1.5814529880636079,6c0400d2ee8d9f61818965be1880fe063ae06802ed0ad86cd512489e0965837a
childm6y_baseline_f15p1_a23_p5_d110_x0_a9a7d46663,child_6y,baseline,650,110,9.0909090909090917,15.1,23,1.3359999999999999,17.21556886227545,6,5,0,12,7.7984608538596447,-1.8937125748502996,1.7536086766863626,a9a7d466633853c5f62d90ba6543829d60f69af2af9866d8910f14aa9e3d28f4
childm6y_baseline_f15p1_a23_p5_d120_x0_576f24f5ca,child_6y,baseline,650,120,8.3333333333333339,15.1,23,1.3359999999999999,17.21556886227545,6,5,0,12,7.5652557827046722,-2.0658682634730541,1.9257643653091168,576f24f5cabb9b13d2c3d6862ffc4f4e4ee145e65e3bde2a421185ecb8493833
childm6y_baseline_f16p7_a23_p2_d60_x0_78b884fdd5,child_6y,baseline,650,60,16.666666666666668,16.699999999999999,23,1.3359999999999999,17.21556886227545,6,2,0,12,7.748919552199947,-1.032934131736527,1.0020617447739253,78b884fdd5c16990beb2cc346719c33e17609b98dc5419495fee19b23fbde594
childm6y_baseline_f16p7_a23_p2_d70_x0_e1ad204d12,child_6y,baseline,650,70,14.285714285714286,16.699999999999999,23,1.3359999999999999,17.21556886227545,6,2,0,12,6.9276453304570982,-1.2050898203592815,1.1742174333966797,e1ad204d1272914cbe54f82b806ac90d905bf83ca70ca178502f7bbf6b463d78
childm6y_baseline_f16p7_a23_p2_d80_x0_0e641fb754,child_6y,baseline,650,80,12.5,16.699999999999999,23,1.3359999999999999,17.21556886227545,6,2,0,12,6.3116896641499611,-1.3772455089820359,1.3463731220194342,0e641fb754f301af4aec23814843e81ac151cc560eeaea1e2db6af43e5bcffcc
childm6y_baseline_f16p7_a23_p2_d90_x0_ec9dd24556,child_6y,baseline,650,90,11.111111111111111,16.699999999999999,23,1.3359999999999999,17.21556886227545,6,2,0,12,5.832613034799965,-1.5494011976047903,1.5185288106421886,ec9dd2455659b4ab4ba0bd33f81bb66d3cdf5f226f64d30bb110e350caf115d5
childm6y_baseline_f16p7_a23_p2_d100_x0_9dfbdaa097,child_6y,baseline,650,100,10,16.699999999999999,23,1.3359999999999999,17.21556886227545,6,2,0,12,5.4493517313199691,-1.721556886227545,1.6906844992649432,9dfbdaa097aef21cbfb02fe5e6945800a1f6fde09ae1ba358536f4f884872c41
childm6y_baseline_f16p7_a23_p2_d110_x0_fd9f9f857c,child_6y,baseline,650,110,9.0909090909090917,16.699999999999999,23,1.3359999999999999,17.21556886227545,6,2,0,12,5.1357743011999721,-1.8937125748502992,1.8628401878876975,fd9f9f857cc57b30ac8f7289c55b854f3d125b87128ce7a92acf3c7e9ce2d93b
childm6y_baseline_f16p7_a23_p2_d120_x0_47be89c344,child_6y,baseline,650,120,8.3333333333333339,16.699999999999999,23,1.3359999999999999,17.21556886227545,6,2,0,12,4.8744597760999735,-2.0658682634730541,2.0349958765104521,47be89c34442d9af4d6b453db79fc878d0dffb223aea91febdbd506876079c5b
childm6y_baseline_f16p7_a23_p3_d60_x0_cd60c38028,child_6y,baseline,650,60,16.666666666666668,16.699999999999999,23,1.3359999999999999,17.21556886227545,6,3,0,12,8.7190315022129639,-1.032934131736527,1.0020617447739253,cd60c3802814adb88a923ef9e44b7f008bcd7e47065f87837bdfd76116709459
childm6y_baseline_f16p7_a23_p3_d70_x0_3e20d1296e,child_6y,baseline,650,70,14.285714285714286,16.699999999999999,23,1.3359999999999999,17.21556886227545,6,3,0,12,7.9020270018968271,-1.2050898203592815,1.1742174333966797,3e20d1296ef56eab85cfbdf4fca9ee47270b267479d3944c61c4011c1f704095
childm6y_baseline_f16p7_a23_p3_d80_x0_53b15d0ce6,child_6y,baseline,650,80,12.5,16.699999999999999,23,1.3359999999999999,17.21556886227545,6,3,0,12,7.2892736266597238,-1.3772455089820359,1.3463731220194342,53b15d0ce6d13f5b12d8cef38c6161a1ecf5db46c1714543691532db36840597
childm6y_baseline_f16p7_a23_p3_d90_x0_0cd9f49dfa,child_6y,baseline,650,90,11.111111111111111,16.699999999999999,23,1.3359999999999999,17.21556886227545,6,3,0,12,6.8126876681419768,-1.5494011976047903,1.5185288106421886,0cd9f49dfa1e4a3190d631f4bb1f397f6e3a8a7948b0a96355c6c7a7d41acb45
childm6y_baseline_f16p7_a23_p3_d100_x0_823e4df0e3,child_6y,baseline,650,100,10,16.699999999999999,23,1.3359999999999999,17.21556886227545,6,3,0,12,6.4314189013277794,-1.721556886227545,1.6906844992649432,823e4df0e3de8477bc2f343dd22ed8f0bdb6dca8b6bf1453ac0fa2c4a6bf515c
childm6y_baseline_f16p7_a23_p3_d110_x0_c726a12b4a,child_6y,baseline,650,110,9.0909090909090917,16.699999999999999,23,1.3359999999999999,17.21556886227545,6,3,0,12,6.1194717284798008,-1.8937125748502992,1.8628401878876975,c726a12b4a3fcce69949ed2c30e23c53feb259f3a9c43712545bcac16bfbfbfe
childm6y_baseline_f16p7_a23_p3_d120_x0_7ab690107b,child_6y,baseline,650,120,8.3333333333333339,16.699999999999999,23,1.3359999999999999,17.21556886227545,6,3,0,12,5.8595157511064828,-2.0658682634730541,2.0349958765104521,7ab690107bef8c886673b88eb6881433b7d135961df64f95c6de2531b54da7a7
childm6y_baseline_f16p7_a23_p4_d60_x0_882d14436b,child_6y,baseline,650,60,16.666666666666668,16.699999999999999,23,1.3359999999999999,17.21556886227545,6,4,0,12,9.6891434522259825,-1.032934131736527,1.0020617447739253,882d14436b85426e112f4d3e95cb5fe35c7507860dac3ea9b67d2e47612d2629
childm6y_baseline_f16p7_a23_p4_d70_x0_5841c6ebbe,child_6y,baseline,650,70,14.285714285714286,16.699999999999999,23,1.3359999999999999,17.21556886227545,6,4,0,12,8.8764086733365577,-1.2050898203592815,1.1742174333966797,5841c6ebbe08ff0004e55452dac9e8310b20860996d81e74ee347cac9c78ff79
childm6y_baseline_f16p7_a23_p4_d80_x0_48ac9aa7ff,child_6y,baseline,650,80,12.5,16.699999999999999,23,1.3359999999999999,17.21556886227545,6,4,0,12,8.2668575891694864,-1.3772455089820359,1.3463731220194342,48ac9aa7ff08c71829ad34bea70c86bf1c7a5cd1d3f40f31fe592dbca9beb8bf
childm6y_baseline_f16p7_a23_p4_d90_x0_94300ddf4a,child_6y,baseline,650,90,11.111111111111111,16.699999999999999,23,1.3359999999999999,17.21556886227545,6,4,0,12,7.7927623014839886,-1.5494011976047903,1.5185288106421886,94300ddf4a0ff4af52c8e56213f3ec08d599ed6799dfbbb3f448fb92feb135ae
childm6y_baseline_f16p7_a23_p4_d100_x0_f3d07355dc,child_6y,baseline,650,100,10,16.699999999999999,23,1.3359999999999999,17.21556886227545,6,4,0,12,7.4134860713355897,-1.721556886227545,1.6906844992649432,f3d07355dccf554c52b7b3bade957c719cccb82aa929468d6e302757ee5a1ad3
childm6y_baseline_f16p7_a23_p4_d110_x0_81d4ca76d7,child_6y,baseline,650,110,9.0909090909090917,16.699999999999999,23,1.3359999999999999,17.21556886227545,6,4,0,12,7.1031691557596268,-1.8937125748502992,1.8628401878876975,81d4ca76d7b756b959c71177f2d43a385306fc7e282cc2c7d568a6d2b92d40a3
childm6y_baseline_f16p7_a23_p4_d120_x0_f1254615c5,child_6y,baseline,650,120,8.3333333333333339,16.699999999999999,23,1.3359999999999999,17.21556886227545,6,4,0,12,6.8445717261129904,-2.0658682634730541,2.0349958765104521,f1254615c517c0abcf854b549e2af2d76beca56e88c38301bd6902a40a38023d
childm6y_baseline_f16p7_a23_p5_d60_x0_8a926d60a5,child_6y,baseline,650,60,16.666666666666668,16.699999999999999,23,1.3359999999999999,17.21556886227545,6,5,0,12,10.659255402238999,-1.032934131736527,1.0020617447739253,8a926d60a5347ef37f6ea51f7da5b55158ec1f0345b01ad0f8efe3d8ef583da8
childm6y_baseline_f16p7_a23_p5_d70_x0_337b06f91c,child_6y,baseline,650,70,14.285714285714286,16.699999999999999,23,1.3359999999999999,17.21556886227545,6,5,0,12,9.8507903447762857,-1.2050898203592815,1.1742174333966797,337b06f91c564e485edd332dada7c3c1564f7d55e37335c22cd3faac66ddf501
childm6y_baseline_f16p7_a23_p5_d80_x0_8216bc2251,child_6y,baseline,650,80,12.5,16.699999999999999,23,1.3359999999999999,17.21556886227545,6,5,0,12,9.24444155167925,-1.3772455089820359,1.3463731220194342,8216bc22515d90200ee0f722477550eda9d3e3710c863b3885d7d323c7d3b78d
childm6y_baseline_f16p7_a23_p5_d90_x0_e485b5bebc,child_6y,baseline,650,90,11.111111111111111,16.699999999999999,23,1.3359999999999999,17.21556886227545,6,5,0,12,8.7728369348259996,-1.5494011976047903,1.5185288106421886,e485b5bebc4fc3869ea6da190728e949e72bcd0c2e0ea4c7e6490cc7e0f04728
childm6y_baseline_f16p7_a23_p5_d100_x0_0da208ddae,child_6y,baseline,650,100,10,16.699999999999999,23,1.3359999999999999,17.21556886227545,6,5,0,12,8.3955532413434,-1.721556886227545,1.6906844992649432,0da208ddae9a4d80062876755d85b3ccd05e452ea5050e1831d74a2e96ca8d40
childm6y_baseline_f16p7_a23_p5_d110_x0_b31b8c042d,child_6y,baseline,650,110,9.0909090909090917,16.699999999999999,23,1.3359999999999999,17.21556886227545,6,5,0,12,8.0868665830394555,-1.8937125748502992,1.8628401878876975,b31b8c042d2fada745de5ff54793863eeeb907d1ad1def6c14c4d3920c511285
childm6y_baseline_f16p7_a23_p5_d120_x0_d1c0ac0226,child_6y,baseline,650,120,8.3333333333333339,16.699999999999999,23,1.3359999999999999,17.21556886227545,6,5,0,12,7.8296277011194997,-2.0658682634730541,2.0349958765104521,d1c0ac02262b548228cfa6669630920146b021851c857fe7a71a5f681a41f43e
adultm18y_baseline_f12p8_a23p6_p2_d60_x0_59ce27266d,adult_18y,baseline,650,60,16.666666666666668,12.800000000000001,23.600000000000001,1.3359999999999999,17.664670658682638,6,2,0,12,6.9438559322033884,-1.0598802395209583,0.67982784431137722,59ce27266dfc1111dd8b77e290adf1ae5fcf1c67fd3f592ebe3d9cb19f9ee2d1
adultm18y_baseline_f12p8_a23p6_p2_d70_x0_262f70f69c,adult_18y,baseline,650,70,14.285714285714286,12.800000000000001,23.600000000000001,1.3359999999999999,17.664670658682638,6,2,0,12,6.2375907990314765,-1.2365269461077846,0.85647455089820357,262f70f69cd5842bb8716c66a308332bdaaeb7a51aea50c88b8caa872930b20a
adultm18y_baseline_f12p8_a23p6_p2_d80_x0_2ca92bbf06,adult_18y,baseline,650,80,12.5,12.800000000000001,23.600000000000001,1.3359999999999999,17.664670658682638,6,2,0,12,5.7078919491525415,-1.4131736526946108,1.0331212574850297,2ca92bbf068b07b6b2bca165502d6ea4b2226ac31f2d7713f062fccb415a195a
adultm18y_baseline_f12p8_a23p6_p2_d90_x0_ecaebaa104,adult_18y,baseline,650,90,11.111111111111111,12.800000000000001,23.600000000000001,1.3359999999999999,17.664670658682638,6,2,0,12,5.2959039548022613,-1.5898203592814371,1.2097679640718562,ecaebaa104612da556524a76236e944dd1cf6bdc3f4c87f0670ac3c96be47cb0
adultm18y_baseline_f12p8_a23p6_p2_d100_x0_af444f2e39,adult_18y,baseline,650,100,10,12.800000000000001,23.600000000000001,1.3359999999999999,17.664670658682638,6,2,0,12,4.9663135593220336,-1.7664670658682637,1.3864146706586826,af444f2e39614a69f36ca5f32fc6ba01de99cbe49ce3aa004f5275885192734a
adultm18y_baseline_f12p8_a23p6_p2_d110_x0_b3670b26f7,adult_18y,baseline,650,110,9.0909090909090917,12.800000000000001,23.600000000000001,1.3359999999999999,17.664670658682638,6,2,0,12,4.6966486902927578,-1.94311377245509,1.5630613772455091,b3670b26f726ecc772da1909c9e4a8a81b329393510b02f94fae929264397eb0
adultm18y_baseline_f12p8_a23p6_p2_d120_x0_97c2e00c82,adult_18y,baseline,650,120,8.3333333333333339,12.800000000000001,23.600000000000001,1.3359999999999999,17.664670658682638,6,2,0,12,4.4719279661016946,-2.1197604790419162,1.7397080838323353,97c2e00c82fd1bc06370e83a3ed1a4823715eaad033d3445c5bed784ee887de7
adultm18y_baseline_f12p8_a23p6_p3_d60_x0_8514a73335,adult_18y,baseline,650,60,16.666666666666668,12.800000000000001,23.600000000000001,1.3359999999999999,17.664670658682638,6,3,0,12,7.5852754237288105,-1.0598802395209583,0.67982784431137722,8514a7333594c85e4dae53e818dc5f6fc119541cb1379aec71bc8b2176bfcf9f
adultm18y_baseline_f12p8_a23p6_p3_d70_x0_f7aba60963,adult_18y,baseline,650,70,14.285714285714286,12.800000000000001,23.600000000000001,1.3359999999999999,17.664670658682638,6,3,0,12,6.9302360774818395,-1.2365269461077846,0.85647455089820357,f7aba609638fd5707079344a5d2925effecc1504cb3e22958b689b5880a35917
adultm18y_baseline_f12p8_a23p6_p3_d80_x0_a533f63bb6,adult_18y,baseline,650,80,12.5,12.800000000000001,23.600000000000001,1.3359999999999999,17.664670658682638,6,3,0,12,6.438956567796609,-1.4131736526946108,1.0331212574850297,a533f63bb67cce7dbc68a991b3172b192d3d6c63f7c8e73977b8d730e9ab3294
adultm18y_baseline_f12p8_a23p6_p3_d90_x0_9f78d0b872,adult_18y,baseline,650,90,11.111111111111111,12.800000000000001,23.600000000000001,1.3359999999999999,17.664670658682638,6,3,0,12,6.0568502824858763,-1.5898203592814371,1.2097679640718562,9f78d0b872bceb4986953a41a9a4a9ffc98e20b51c4feb2d73957dc36f842fb7
adultm18y_baseline_f12p8_a23p6_p3_d100_x0_295f8c3603,adult_18y,baseline,650,100,10,12.800000000000001,23.600000000000001,1.3359999999999999,17.664670658682638,6,3,0,12,5.7511652542372875,-1.7664670658682637,1.3864146706586826,295f8c360342a3be048ab16318416ab03916fc33ee9bdf9eefa6f8b52cc09ed3
adultm18y_baseline_f12p8_a23p6_p3_d110_x0_6e7ff68ab8,adult_18y,baseline,650,110,9.0909090909090917,12.800000000000001,23.600000000000001,1.3359999999999999,17.664670658682638,6,3,0,12,5.5010593220338979,-1.94311377245509,1.5630613772455091,6e7ff68ab8bae05b027fb624be3881a8c985232b56ce50f4aea7d784eb51edee
adultm18y_baseline_f12p8_a23p6_p3_d120_x0_92ff5ca0ed,adult_18y,baseline,650,120,8.3333333333333339,12.800000000000001,23.600000000000001,1.3359999999999999,17.664670658682638,6,3,0,12,5.2926377118644075,-2.1197604790419162,1.7397080838323353,92ff5ca0edd3baf55976bb3fe841ca6e5fea5ebd7d904f356341db087a722498
adultm18y_baseline_f12p8_a23p6_p4_d60_x0_e964c7243c,adult_18y,baseline,650,60,16.666666666666668,12.800000000000001,23.600000000000001,1.3359999999999999,17.664670658682638,6,4,0,12,8.226694915254237,-1.0598802395209583,0.67982784431137722,e964c7243c4ed1f77a8f42bea6230b71700703f47c6366fe963b7e726a23f7d0
adultm18y_baseline_f12p8_a23p6_p4_d70_x0_88d0dfbd8d,adult_18y,baseline,650,70,14.285714285714286,12.800000000000001,23.600000000000001,1.3359999999999999,17.664670658682638,6,4,0,12,7.6228813559322024,-1.2365269461077846,0.85647455089820357,88d0dfbd8d06244da487c09493e0defe0514243b8784c8a5beb793805018f165
adultm18y_baseline_f12p8_a23p6_p4_d80_x0_876105a956,adult_18y,baseline,650,80,12.5,12.800000000000001,23.600000000000001,1.3359999999999999,17.664670658682638,6,4,0,12,7.1700211864406773,-1.4131736526946108,1.0331212574850297,876105a956379ced6267605a125a50e83df2e3bdb59c147d76fcfcc65867c559
adultm18y_baseline_f12p8_a23p6_p4_d90_x0_a2796db11b,adult_18y,baseline,650,90,11.111111111111111,12.800000000000001,23.600000000000001,1.3359999999999999,17.664670658682638,6,4,0,12,6.8177966101694913,-1.5898203592814371,1.2097679640718562,a2796db11ba5464d342b4454e5cff14b22765a07a2f19eb6c2029b8a28a4b1b6
adultm18y_baseline_f12p8_a23p6_p4_d100_x0_ffedc2350c,adult_18y,baseline,650,100,10,12.800000000000001,23.600000000000001,1.3359999999999999,17.664670658682638,6,4,0,12,6.5360169491525406,-1.7664670658682637,1.3864146706586826,ffedc2350c9af924db90b569a89bf20894091f59c32ecbb2a9ca5cbbfc360860
adultm18y_baseline_f12p8_a23p6_p4_d110_x0_943068ce12,adult_18y,baseline,650,110,9.0909090909090917,12.800000000000001,23.600000000000001,1.3359999999999999,17.664670658682638,6,4,0,12,6.3054699537750372,-1.94311377245509,1.5630613772455091,943068ce12108c18aba51cae5dab04a2a24b4d303f1acbc95cbef39f698c1ac3
adultm18y_baseline_f12p8_a23p6_p4_d120_x0_27e9725fe9,adult_18y,baseline,650,120,8.3333333333333339,12.800000000000001,23.600000000000001,1.3359999999999999,17.664670658682638,6,4,0,12,6.1133474576271185,-2.1197604790419162,1.7397080838323353,27e9725fe9a7621e4196eaefc0bac644f6cf2b47c7e58035f5b7c819e883c0bb
adultm18y_baseline_f12p8_a23p6_p5_d60_x0_d50d95a20c,adult_18y,baseline,650,60,16.666666666666668,12.800000000000001,23.600000000000001,1.3359999999999999,17.664670658682638,6,5,0,12,8.8681144067796591,-1.0598802395209583,0.67982784431137722,d50d95a20c3757d63b8e5063278fefa5b4b64dd3a4151dbc62c293718021f9be
adultm18y_baseline_f12p8_a23p6_p5_d70_x0_980aee8203,adult_18y,baseline,650,70,14.285714285714286,12.800000000000001,23.600000000000001,1.3359999999999999,17.664670658682638,6,5,0,12,8.3155266343825662,-1.2365269461077846,0.85647455089820357,980aee8203ed836aaf1cd4c91c29506725b6f13fc2adba2392caabc7a311827f
adultm18y_baseline_f12p8_a23p6_p5_d80_x0_f2a57191ad,adult_18y,baseline,650,80,12.5,12.800000000000001,23.600000000000001,1.3359999999999999,17.664670658682638,6,5,0,12,7.9010858050847439,-1.4131736526946108,1.0331212574850297,f2a57191ad94a2adda349ef6f9c3039b94eea6c1333e9e815ae972bf8ef84002
adultm18y_baseline_f12p8_a23p6_p5_d90_x0_53b1814825,adult_18y,baseline,650,90,11.111111111111111,12.800000000000001,23.600000000000001,1.3359999999999999,17.664670658682638,6,5,0,12,7.5787429378531073,-1.5898203592814371,1.2097679640718562,53b1814825bccfce76637b07eda26ad421b87a7fd05aca2367a904fff855708e
adultm18y_baseline_f12p8_a23p6_p5_d100_x0_e70dd43aaa,adult_18y,baseline,650,100,10,12.800000000000001,23.600000000000001,1.3359999999999999,17.664670658682638,6,5,0,12,7.3208686440677964,-1.7664670658682637,1.3864146706586826,e70dd43aaaac0f3e0951266666b6b5822448b2c6ee7cc97466be10e601a360ff
adultm18y_baseline_f12p8_a23p6_p5_d110_x0_c08d238377,adult_18y,baseline,650,110,9.0909090909090917,12.800000000000001,23.600000000000001,1.3359999999999999,17.664670658682638,6,5,0,12,7.1098805855161791,-1.94311377245509,1.5630613772455091,c08d23837716bf1dbc77dc5e9946360fdcc8b57e7aa17c4efa9504e407b09956
adultm18y_baseline_f12p8_a23p6_p5_d120_x0_72451d4539,adult_18y,baseline,650,120,8.3333333333333339,12.800000000000001,23.600000000000001,1.3359999999999999,17.664670658682638,6,5,0,12,6.9340572033898304,-2.1197604790419162,1.7397080838323353,72451d453950bae004490935313dd5de105ad34fb493fa61e88144b6c1b01afa
adultm18y_baseline_f14p75_a23p6_p2_d60_x0_f31161ac28,adult_18y,baseline,650,60,16.666666666666668,14.75,23.600000000000001,1.3359999999999999,17.664670658682638,6,2,0,12,7.2881355932203391,-1.0598802395209581,0.86227544910179632,f31161ac28aed11208aa3937bd5ddb7e2715129a9d9c8bbf2f5b31f4acede6e6
adultm18y_baseline_f14p75_a23p6_p2_d70_x0_4a412fd520,adult_18y,baseline,650,70,14.285714285714286,14.75,23.600000000000001,1.3359999999999999,17.664670658682638,6,2,0,12,6.5326876513317185,-1.2365269461077846,1.0389221556886228,4a412fd52002a824914dc0ab5d26f03e38adf5d6b8d25c662ff1337d448a46a0
adultm18y_baseline_f14p75_a23p6_p2_d80_x0_8166e5f0cf,adult_18y,baseline,650,80,12.5,14.75,23.600000000000001,1.3359999999999999,17.664670658682638,6,2,0,12,5.9661016949152543,-1.4131736526946108,1.215568862275449,8166e5f0cf1a2deae7e9229d88af66e30e58be599d6a6a00c9bd1701569e70cf
adultm18y_baseline_f14p75_a23p6_p2_d90_x0_f8797909c2,adult_18y,baseline,650,90,11.111111111111111,14.75,23.600000000000001,1.3359999999999999,17.664670658682638,6,2,0,12,5.5254237288135597,-1.5898203592814371,1.3922155688622753,f8797909c26d55a055f450a0212bdeebc98dd55084e6ebf5940c997f69a39974
adultm18y_baseline_f14p75_a23p6_p2_d100_x0_cbdf5f34f4,adult_18y,baseline,650,100,10,14.75,23.600000000000001,1.3359999999999999,17.664670658682638,6,2,0,12,5.172881355932204,-1.7664670658682635,1.5688622754491017,cbdf5f34f4943bf2150de38dd22cb93eb18b74f2de63e52446d4e58b858cbbd1
adultm18y_baseline_f14p75_a23p6_p2_d110_x0_9750480b74,adult_18y,baseline,650,110,9.0909090909090917,14.75,23.600000000000001,1.3359999999999999,17.664670658682638,6,2,0,12,4.8844375963020026,-1.94311377245509,1.7455089820359282,9750480b7409032c01f802f39c0f3324609a6a6e7af7255a829ff483837fb0e1
adultm18y_baseline_f14p75_a23p6_p2_d120_x0_ce359006a5,adult_18y,baseline,650,120,8.3333333333333339,14.75,23.600000000000001,1.3359999999999999,17.664670658682638,6,2,0,12,4.6440677966101696,-2.1197604790419162,1.9221556886227544,ce359006a5da75d9f842f4f5027d7bb5180ee8adf16bfbf767779303b516b527
adultm18y_baseline_f14p75_a23p6_p3_d60_x0_8d95a751c3,adult_18y,baseline,650,60,16.666666666666668,14.75,23.600000000000001,1.3359999999999999,17.664670658682638,6,3,0,12,8.101694915254237,-1.0598802395209581,0.86227544910179632,8d95a751c3946b1171f1bb2c7806cd7a905c3c6bb75dfe059c3bf65bbafd39ff
adultm18y_baseline_f14p75_a23p6_p3_d70_x0_b8586f3fd6,adult_18y,baseline,650,70,14.285714285714286,14.75,23.600000000000001,1.3359999999999999,17.664670658682638,6,3,0,12,7.3728813559322024,-1.2365269461077846,1.0389221556886228,b8586f3fd6f4c9ac867f6a69cad6bfae0c4b9eaeaaa419b0de5eb763a0469db8
adultm18y_baseline_f14p75_a23p6_p3_d80_x0_61ae0c311f,adult_18y,baseline,650,80,12.5,14.75,23.600000000000001,1.3359999999999999,17.664670658682638,6,3,0,12,6.8262711864406782,-1.4131736526946108,1.215568862275449,61ae0c311f2352e49582b47fc6306999a7b4781a0b84f3e7865adc94a9222a34
adultm18y_baseline_f14p75_a23p6_p3_d90_x0_395f7ac079,adult_18y,baseline,650,90,11.111111111111111,14.75,23.600000000000001,1.3359999999999999,17.664670658682638,6,3,0,12,6.4011299435028235,-1.5898203592814371,1.3922155688622753,395f7ac079413cdd7974b00d0efc71d4fb8ccba50d9a2aac368a2fa7ca18e93c
adultm18y_baseline_f14p75_a23p6_p3_d100_x0_b2568fdcdc,adult_18y,baseline,650,100,10,14.75,23.600000000000001,1.3359999999999999,17.664670658682638,6,3,0,12,6.0610169491525419,-1.7664670658682635,1.5688622754491017,b2568fdcdc76e42c2fb494872b0c4d91b5abb4d2fe5acd29d190ab576372f802
adultm18y_baseline_f14p75_a23p6_p3_d110_x0_3786734c41,adult_18y,baseline,650,110,9.0909090909090917,14.75,23.600000000000001,1.3359999999999999,17.664670658682638,6,3,0,12,5.7827426810477665,-1.94311377245509,1.7455089820359282,3786734c41005d48032c902ab9d795ebe14cd0ab3ea6d7933235195e31673482
adultm18y_baseline_f14p75_a23p6_p3_d120_x0_1481644751,adult_18y,baseline,650,120,8.3333333333333339,14.75,23.600000000000001,1.3359999999999999,17.664670658682638,6,3,0,12,5.5508474576271185,-2.1197604790419162,1.9221556886227544,14816447519a704c4cf54163836a5fa7f8c6369047f47b0e3260d41fcedcc70b
adultm18y_baseline_f14p75_a23p6_p4_d60_x0_c4a1029e94,adult_18y,baseline,650,60,16.666666666666668,14.75,23.600000000000001,1.3359999999999999,17.664670658682638,6,4,0,12,8.9152542372881349,-1.0598802395209581,0.86227544910179632,c4a1029e94c35a9a270a1655e8dbe400cf3303c587f74f62debbeee214602415
adultm18y_baseline_f14p75_a23p6_p4_d70_x0_667b3116d6,adult_18y,baseline,650,70,14.285714285714286,14.75,23.600000000000001,1.3359999999999999,17.664670658682638,6,4,0,12,8.2130750605326863,-1.2365269461077846,1.0389221556886228,667b3116d618641d6044515dd79a0c8ebf6e47f13eb89668dc1b4bef44432d43
adultm18y_baseline_f14p75_a23p6_p4_d80_x0_d715953b8d,adult_18y,baseline,650,80,12.5,14.75,23.600000000000001,1.3359999999999999,17.664670658682638,6,4,0,12,7.6864406779661012,-1.4131736526946108,1.215568862275449,d715953b8d4808746397d179feb8bb434c97b798831b6740461a5607d49c0aba
adultm18y_baseline_f14p75_a23p6_p4_d90_x0_50d302e5c8,adult_18y,baseline,650,90,11.111111111111111,14.75,23.600000000000001,1.3359999999999999,17.664670658682638,6,4,0,12,7.27683615819209,-1.5898203592814371,1.3922155688622753,50d302e5c8741f826204f7fe9e06b9e5ea0d19246f57e3f88ef8236805581afa
adultm18y_baseline_f14p75_a23p6_p4_d100_x0_da1fc7daf8,adult_18y,baseline,650,100,10,14.75,23.600000000000001,1.3359999999999999,17.664670658682638,6,4,0,12,6.9491525423728815,-1.7664670658682635,1.5688622754491017,da1fc7daf88a3d92d8f2efb815bb47b9f61fb7b119a7767248cda0a3bcb6273a
adultm18y_baseline_f14p75_a23p6_p4_d110_x0_7b3947c09f,adult_18y,baseline,650,110,9.0909090909090917,14.75,23.600000000000001,1.3359999999999999,17.664670658682638,6,4,0,12,6.6810477657935294,-1.94311377245509,1.7455089820359282,7b3947c09ffc4d1924ea9285f22527e74becfd54c5b7d0ba70b01b9a93fca07f
adultm18y_baseline_f14p75_a23p6_p4_d120_x0_c280a22238,adult_18y,baseline,650,120,8.3333333333333339,14.75,23.600000000000001,1.3359999999999999,17.664670658682638,6,4,0,12,6.4576271186440684,-2.1197604790419162,1.9221556886227544,c280a22238e630f128fd240fa9b59720e795ce4be8773cc137b3d06b37f90425
adultm18y_baseline_f14p75_a23p6_p5_d60_x0_12916b00bf,adult_18y,baseline,650,60,16.666666666666668,14.75,23.600000000000001,1.3359999999999999,17.664670658682638,6,5,0,12,9.7288135593220328,-1.0598802395209581,0.86227544910179632,12916b00bf5e7c56943f7ed9f0002cec06a8aa09dbe4f497c3ae557aeb9486e8
adultm18y_baseline_f14p75_a23p6_p5_d70_x0_8139b5af7a,adult_18y,baseline,650,70,14.285714285714286,14.75,23.600000000000001,1.3359999999999999,17.664670658682638,6,5,0,12,9.053268765133172,-1.2365269461077846,1.0389221556886228,8139b5af7a2e8303b879e2316fc757bee591c97b54cde2daf886c33fc80fe66a
adultm18y_baseline_f14p75_a23p6_p5_d80_x0_10ade8a84e,adult_18y,baseline,650,80,12.5,14.75,23.600000000000001,1.3359999999999999,17.664670658682638,6,5,0,12,8.5466101694915242,-1.4131736526946108,1.215568862275449,10ade8a84e763b14a7833530d7eb856eff4818332de23a02466dab232aee1a80
adultm18y_baseline_f14p75_a23p6_p5_d90_x0_f47892d48f,adult_18y,baseline,650,90,11.111111111111111,14.75,23.600000000000001,1.3359999999999999,17.664670658682638,6,5,0,12,8.1525423728813546,-1.5898203592814371,1.3922155688622753,f47892d48f1b7f8ad2ccd0cb27da6b70f2e8dd11f0286571e5c717d4e0d58ec5
adultm18y_baseline_f14p75_a23p6_p5_d100_x0_c3417564bf,adult_18y,baseline,650,100,10,14.75,23.600000000000001,1.3359999999999999,17.664670658682638,6,5,0,12,7.8372881355932202,-1.7664670658682635,1.5688622754491017,c3417564bfb0005d6ca8b2fbf08a03ff4f612278e89c8194baa35638812f93bf
adultm18y_baseline_f14p75_a23p6_p5_d110_x0_f0e6614595,adult_18y,baseline,650,110,9.0909090909090917,14.75,23.600000000000001,1.3359999999999999,17.664670658682638,6,5,0,12,7.5793528505392906,-1.94311377245509,1.7455089820359282,f0e6614595b38d34903f53644a7d643fe3eb7a1c538b071539cb18655571cfc2
adultm18y_baseline_f14p75_a23p6_p5_d120_x0_542e79fe71,adult_18y,baseline,650,120,8.3333333333333339,14.75,23.600000000000001,1.3359999999999999,17.664670658682638,6,5,0,12,7.3644067796610164,-2.1197604790419162,1.9221556886227544,542e79fe712e111910d6ecd6fb8bb9fe1f49c90bb46ab9e3ea58e82d89af3898
adultm18y_baseline_f16p7_a23p6_p2_d60_x0_77db5dd90d,adult_18y,baseline,650,60,16.666666666666668,16.699999999999999,23.600000000000001,1.3359999999999999,17.664670658682638,6,2,0,12,7.5520146148381189,-1.0598802395209583,1.0021155294202015,77db5dd90d623cb20500c70024a889d93dd60c7cb4b60675f0ddc9f0dae61dc3
adultm18y_baseline_f16p7_a23p6_p2_d70_x0_56a00abd2a,adult_18y,baseline,650,70,14.285714285714286,16.699999999999999,23.600000000000001,1.3359999999999999,17.664670658682638,6,2,0,12,6.7588696698612454,-1.2365269461077846,1.1787622360070278,56a00abd2ab20eb6fad4c23be016e4834bbbf59588a8607aaed9ca43f4e71b29
adultm18y_baseline_f16p7_a23p6_p2_d80_x0_96d14f1794,adult_18y,baseline,650,80,12.5,16.699999999999999,23.600000000000001,1.3359999999999999,17.664670658682638,6,2,0,12,6.1640109611285894,-1.413173652694611,1.3554089425938542,96d14f1794ddab24bad3cf3079034d164dc4b2001c1da8965153a2aad1f16991
adultm18y_baseline_f16p7_a23p6_p2_d90_x0_899df5ba63,adult_18y,baseline,650,90,11.111111111111111,16.699999999999999,23.600000000000001,1.3359999999999999,17.664670658682638,6,2,0,12,5.7013430765587465,-1.5898203592814373,1.5320556491806805,899df5ba6339e8d7263265354641651a17a4a203efa256ce4405a73fa80ece63
adultm18y_baseline_f16p7_a23p6_p2_d100_x0_6a85ab188f,adult_18y,baseline,650,100,10,16.699999999999999,23.600000000000001,1.3359999999999999,17.664670658682638,6,2,0,12,5.3312087689028713,-1.7664670658682637,1.708702355767507,6a85ab188f3ad9f99766607a99aa81000d8cc2a0b3c1e4ecf30012807764fed0
adultm18y_baseline_f16p7_a23p6_p2_d110_x0_75c174802f,adult_18y,baseline,650,110,9.0909090909090917,16.699999999999999,23.600000000000001,1.3359999999999999,17.664670658682638,6,2,0,12,5.0283716080935195,-1.9431137724550902,1.8853490623543334,75c174802f995383edeaff83b26b1d18a0cbfbee1972409b3ff6c2f2b0d99276
adultm18y_baseline_f16p7_a23p6_p2_d120_x0_dc7aa70ac2,adult_18y,baseline,650,120,8.3333333333333339,16.699999999999999,23.600000000000001,1.3359999999999999,17.664670658682638,6,2,0,12,4.7760073074190599,-2.1197604790419167,2.0619957689411601,dc7aa70ac234a6a8b4c08787cc42b939cc411000678cd59aa1603be35b115d6f
adultm18y_baseline_f16p7_a23p6_p3_d60_x0_da13eb54b4,adult_18y,baseline,650,60,16.666666666666668,16.699999999999999,23.600000000000001,1.3359999999999999,17.664670658682638,6,3,0,12,8.4975134476809071,-1.0598802395209583,1.0021155294202015,da13eb54b4d45101aa717d71982d4cfbba5d6f25ca783eea41cb0320123a6ab1
adultm18y_baseline_f16p7_a23p6_p3_d70_x0_d5019c2984,adult_18y,baseline,650,70,14.285714285714286,16.699999999999999,23.600000000000001,1.3359999999999999,17.664670658682638,6,3,0,12,7.7121543837264932,-1.2365269461077846,1.1787622360070278,d5019c29845720ce50d719e368a931e36e2fe8391121ffae48a09b7fb4b027a2
adultm18y_baseline_f16p7_a23p6_p3_d80_x0_dcab9c70bf,adult_18y,baseline,650,80,12.5,16.699999999999999,23.600000000000001,1.3359999999999999,17.664670658682638,6,3,0,12,7.1231350857606808,-1.413173652694611,1.3554089425938542,dcab9c70bfb8ace9ef343d6842d62db69c3059b2a943653a127e3f9e1e6aaccb
adultm18y_baseline_f16p7_a23p6_p3_d90_x0_f30929f7e4,adult_18y,baseline,650,90,11.111111111111111,16.699999999999999,23.600000000000001,1.3359999999999999,17.664670658682638,6,3,0,12,6.6650089651206059,-1.5898203592814373,1.5320556491806805,f30929f7e4162efa9b6293dbac8b43c16c19aba3deefbe40e0cb80a6bdef5823
adultm18y_baseline_f16p7_a23p6_p3_d100_x0_43c8581651,adult_18y,baseline,650,100,10,16.699999999999999,23.600000000000001,1.3359999999999999,17.664670658682638,6,3,0,12,6.2985080686085446,-1.7664670658682637,1.708702355767507,43c858165167e6a747828831b760ef4a4a87c57de741de6880fd5ef1a6353a0a
adultm18y_baseline_f16p7_a23p6_p3_d110_x0_c31390d75a,adult_18y,baseline,650,110,9.0909090909090917,16.699999999999999,23.600000000000001,1.3359999999999999,17.664670658682638,6,3,0,12,5.99864369873504,-1.9431137724550902,1.8853490623543334,c31390d75a283c57a65dbb10c4c7708fd8b7a8d3b63b5b9d1242b3c08b2ad130
adultm18y_baseline_f16p7_a23p6_p3_d120_x0_8e8b539be0,adult_18y,baseline,650,120,8.3333333333333339,16.699999999999999,23.600000000000001,1.3359999999999999,17.664670658682638,6,3,0,12,5.7487567238404544,-2.1197604790419167,2.0619957689411601,8e8b539be037980807a533cc353a4746346ad84379470287155321e4ef343c87
adultm18y_baseline_f16p7_a23p6_p4_d60_x0_942b56bee5,adult_18y,baseline,650,60,16.666666666666668,16.699999999999999,23.600000000000001,1.3359999999999999,17.664670658682638,6,4,0,12,9.4430122805236945,-1.0598802395209583,1.0021155294202015,942b56bee51ddfedd005ccabfaaa525ca788421a9468f6faf29f89767b47070b
adultm18y_baseline_f16p7_a23p6_p4_d70_x0_48c3c77c4b,adult_18y,baseline,650,70,14.285714285714286,16.699999999999999,23.600000000000001,1.3359999999999999,17.664670658682638,6,4,0,12,8.6654390975917384,-1.2365269461077846,1.1787622360070278,48c3c77c4bf10273ae14d55c06291dca54c3edd189f1ae0b776f503e50ea93a3
adultm18y_baseline_f16p7_a23p6_p4_d80_x0_c8cc866386,adult_18y,baseline,650,80,12.5,16.699999999999999,23.600000000000001,1.3359999999999999,17.664670658682638,6,4,0,12,8.0822592103927722,-1.413173652694611,1.3554089425938542,c8cc866386748679ee29e27b2f5198dc87b04d5747fe588167440fd9499de809
adultm18y_baseline_f16p7_a23p6_p4_d90_x0_1514ac6799,adult_18y,baseline,650,90,11.111111111111111,16.699999999999999,23.600000000000001,1.3359999999999999,17.664670658682638,6,4,0,12,7.6286748536824653,-1.5898203592814373,1.5320556491806805,1514ac6799c17009f2d3b393c71048811dab9e56abd04edd88570ad0aa239e49
adultm18y_baseline_f16p7_a23p6_p4_d100_x0_9f2ab2dd0a,adult_18y,baseline,650,100,10,16.699999999999999,23.600000000000001,1.3359999999999999,17.664670658682638,6,4,0,12,7.2658073683142179,-1.7664670658682637,1.708702355767507,9f2ab2dd0a8e41ab072d787b8ae04bb2f650c58a62473b4ba5fe37bbd10ee1e8
adultm18y_baseline_f16p7_a23p6_p4_d110_x0_197559d2e7,adult_18y,baseline,650,110,9.0909090909090917,16.699999999999999,23.600000000000001,1.3359999999999999,17.664670658682638,6,4,0,12,6.9689157893765623,-1.9431137724550902,1.8853490623543334,197559d2e7126afbac101865ac693f63217f4d8d21fc9db96e7ba1101b94653e
adultm18y_baseline_f16p7_a23p6_p4_d120_x0_49a6f6fe34,adult_18y,baseline,650,120,8.3333333333333339,16.699999999999999,23.600000000000001,1.3359999999999999,17.664670658682638,6,4,0,12,6.7215061402618481,-2.1197604790419167,2.0619957689411601,49a6f6fe348b0124632094e8237704a2d69308f9de6f60fac02846b379cc017a
adultm18y_baseline_f16p7_a23p6_p5_d60_x0_8c0e05b52b,adult_18y,baseline,650,60,16.666666666666668,16.699999999999999,23.600000000000001,1.3359999999999999,17.664670658682638,6,5,0,12,10.388511113366485,-1.0598802395209583,1.0021155294202015,8c0e05b52bf30a7b68e785fe5263b6bf6a8f2e4475ce20a2430147cd93e74e9f
adultm18y_baseline_f16p7_a23p6_p5_d70_x0_ac449a0f4f,adult_18y,baseline,650,70,14.285714285714286,16.699999999999999,23.600000000000001,1.3359999999999999,17.664670658682638,6,5,0,12,9.6187238114569897,-1.2365269461077846,1.1787622360070278,ac449a0f4ffaa813338648477bbe50a1dc64f39ae0a128fecce86a142d546ac1
adultm18y_baseline_f16p7_a23p6_p5_d80_x0_4930899c90,adult_18y,baseline,650,80,12.5,16.699999999999999,23.600000000000001,1.3359999999999999,17.664670658682638,6,5,0,12,9.0413833350248645,-1.413173652694611,1.3554089425938542,4930899c901c2cb668bb2b1564bcc2469fd8626f32e9dade6b9063859d04b04d
adultm18y_baseline_f16p7_a23p6_p5_d90_x0_e34e1a5d48,adult_18y,baseline,650,90,11.111111111111111,16.699999999999999,23.600000000000001,1.3359999999999999,17.664670658682638,6,5,0,12,8.592340742244323,-1.5898203592814373,1.5320556491806805,e34e1a5d487083edbb784eac9de7a31cc7354c77ede311a80afc70f2d60284f2
adultm18y_baseline_f16p7_a23p6_p5_d100_x0_f000f4bc5e,adult_18y,baseline,650,100,10,16.699999999999999,23.600000000000001,1.3359999999999999,17.664670658682638,6,5,0,12,8.2331066680198912,-1.7664670658682637,1.708702355767507,f000f4bc5e71c2fc97dbdc058b13a37bd397dfe0f0a17c685edab089efa8181e
adultm18y_baseline_f16p7_a23p6_p5_d110_x0_619af92e49,adult_18y,baseline,650,110,9.0909090909090917,16.699999999999999,23.600000000000001,1.3359999999999999,17.664670658682638,6,5,0,12,7.9391878800180828,-1.9431137724550902,1.8853490623543334,619af92e496faf45edd9bcf4b086b91a71e6b5f220a860f8a9a9ed6a330a8aa9
adultm18y_baseline_f16p7_a23p6_p5_d120_x0_6ab7cf53e2,adult_18y,baseline,650,120,8.3333333333333339,16.699999999999999,23.600000000000001,1.3359999999999999,17.664670658682638,6,5,0,12,7.6942555566832436,-2.1197604790419167,2.0619957689411601,6ab7cf53e208c4a868d18e3aeafead4b937146800bb6fa9962d8f7a6632ea31c
