case_id,input_sha256,expected_min_y_mm,expected_max_y_mm,expected_valid_rays,boundary_tolerance_um
chickm30m45d_baseline_f7p5_a11p7_p2_d60_x0_48566da0e7,48566da0e76b79e16bf692e25fb117b1f237734caafe296ee0a766d7a76c33a4,-2.2119910179640718,2.2119910179640718,4,0.00001
chickm30m45d_baseline_f7p5_a11p7_p2_d70_x0_f695d7289f,f695d7289fed27a3b297a6f67a6989987b5c6d23e7e780daf233313f4761ef9c,-2.3862649700598801,2.3862649700598801,4,0.00001
chickm30m45d_baseline_f7p5_a11p7_p2_d80_x0_b7fca2704a,b7fca2704a63e55e224b8d4d74579f5efa584c8c22cb3b548cf2658163170005,-2.560538922155688,2.560538922155688,4,0.00001
chickm30m45d_baseline_f7p5_a11p7_p2_d90_x0_4322773231,432277323143e1cdac07707276a6e6065042e5e672f8c1979cbed13e6c2f0fdf,-2.7348128742514968,2.7348128742514968,4,0.00001
chickm30m45d_baseline_f7p5_a11p7_p2_d100_x0_bad5598589,bad5598589cfc6be4088fbaa18b117771d6d97103e0d279c808a00f4fb8ad8d3,-2.9090868263473046,2.9090868263473046,4,0.00001
chickm30m45d_baseline_f7p5_a11p7_p2_d110_x0_3373cfa4fc,3373cfa4fc3d964916eafe9342633a2897be779218f1e3407e0f34586b66acf3,-3.0833607784431143,3.0833607784431143,4,0.00001
chickm30m45d_baseline_f7p5_a11p7_p2_d120_x0_f6b56ebd27,f6b56ebd27388c60490fccbe758d2664c6b936f6bd934efa44b100f5875659bf,-3.2576347305389222,3.2576347305389222,4,0.00001
chickm30m45d_baseline_f7p5_a11p7_p2p5_d60_x0_00e3ff342c,00e3ff342c86332a747aa6594e1921ee857ba35ec88f8e0686417562fad0d405,-2.3899887724550899,2.3899887724550899,4,0.00001
chickm30m45d_baseline_f7p5_a11p7_p2p5_d70_x0_c2a94fe8ec,c2a94fe8ecaf190f5c848cd1c58620e6af2ee5c926b9699771dcfc15a420bd87,-2.6078312125748506,2.6078312125748506,4,0.00001
chickm30m45d_baseline_f7p5_a11p7_p2p5_d80_x0_d9a33bb696,d9a33bb6962baff9871780ac41463d8922127a55bccaf83ac9f8910d337ee0d5,-2.82567365269461,2.82567365269461,4,0.00001
chickm30m45d_baseline_f7p5_a11p7_p2p5_d90_x0_52e3c6096c,52e3c6096c253f71345cbf1fb113522b56acdb54af7aba8a453408719f7fb206,-3.0435160928143707,3.0435160928143707,4,0.00001
chickm30m45d_baseline_f7p5_a11p7_p2p5_d100_x0_52a7aff55b,52a7aff55b0488216e7c8085b4365bad63ce6e26b3f5e4649df872ce913aca5d,-3.261358532934131,3.261358532934131,4,0.00001
chickm30m45d_baseline_f7p5_a11p7_p2p5_d110_x0_cfd7b110f4,cfd7b110f45c19c02e548b8d16cd712030ec8134d25fc89277a348362f084842,-3.4792009730538922,3.4792009730538922,4,0.00001
chickm30m45d_baseline_f7p5_a11p7_p2p5_d120_x0_50033c0d5c,50033c0d5c112a997de0dc4fc808f74362f1f60a3c9c34cd83abee7a83cf8469,-3.6970434131736534,3.6970434131736534,4,0.00001
chickm30m45d_baseline_f7p5_a11p7_p3_d60_x0_69c9cee4f0,69c9cee4f0bded163f31989ce4bbe459181a48ef314a5304ccc1862c6f7ad8bd,-2.5679865269461075,2.5679865269461075,4,0.00001
chickm30m45d_baseline_f7p5_a11p7_p3_d70_x0_ccfe7c5273,ccfe7c5273a811f4c7f6f1de9ddab4cfb08e796c4be51e85f038f94b55786a5e,-2.8293974550898207,2.8293974550898207,4,0.00001
chickm30m45d_baseline_f7p5_a11p7_p3_d80_x0_4cf7815d78,4cf7815d78da75c480c3a2372aa170a113c21091812818984957458ffb3d6486,-3.0908083832335329,3.0908083832335329,4,0.00001
chickm30m45d_baseline_f7p5_a11p7_p3_d90_x0_02bae7857a,02bae7857a53553b192a01130a4283d85cc08eb0578c6eb00db6724e668175dc,-3.3522193113772452,3.3522193113772452,4,0.00001
chickm30m45d_baseline_f7p5_a11p7_p3_d100_x0_c8d6080e83,c8d6080e834abc22044c562c4cbbc8e15c08cbcc1c183ebef2f9e0682c048e02,-3.6136302395209583,3.6136302395209583,4,0.00001
chickm30m45d_baseline_f7p5_a11p7_p3_d110_x0_cd04fe16c9,cd04fe16c986e2f5cf23bd501b72570c956a0ffa0245fa0e3a5d99a644691ac6,-3.8750411676646705,3.8750411676646705,4,0.00001
chickm30m45d_baseline_f7p5_a11p7_p3_d120_x0_97f8fc26f2,97f8fc26f2d81cd55227fe88c6f39cca637e60f66f198fa3549f1c73d84cde55,-4.1364520958083837,4.1364520958083837,4,0.00001
chickm30m45d_baseline_f7p5_a11p7_p3p5_d60_x0_282eb7d7af,282eb7d7af815d10dbf9b137643055b21cd404516049874a20926ccdc2bbc851,-2.745984281437126,2.745984281437126,4,0.00001
chickm30m45d_baseline_f7p5_a11p7_p3p5_d70_x0_050e456459,050e45645955f1d5fe29299d432dc75c0e19d8a12a99fad3b9a964f6c8a95775,-3.0509636976047902,3.0509636976047902,4,0.00001
chickm30m45d_baseline_f7p5_a11p7_p3p5_d80_x0_52a62b859e,52a62b859eea6e89af89fa411a1e89ce5c03c8bcf2574f366e993463006ba1e7,-3.3559431137724545,3.3559431137724545,4,0.00001
chickm30m45d_baseline_f7p5_a11p7_p3p5_d90_x0_31c2953a82,31c2953a82d4bd769fec88ebd1f5e31aa9c8d69971618e92cbb0e682a25421c7,-3.6609225299401196,3.6609225299401196,4,0.00001
chickm30m45d_baseline_f7p5_a11p7_p3p5_d100_x0_0457aef95a,0457aef95a6f5927b6f2a776a09117e9132678d4a49cde71008a471e0b0794f2,-3.9659019461077838,3.9659019461077838,4,0.00001
chickm30m45d_baseline_f7p5_a11p7_p3p5_d110_x0_3594038759,35940387594ad54dae68b7ed9fdddfc297c1c656ea3e9a0182db74f3b9fa18f6,-4.2708813622754489,4.2708813622754489,4,0.00001
chickm30m45d_baseline_f7p5_a11p7_p3p5_d120_x0_4ab466f660,4ab466f6607468dbfe09c85775a277bfd3bebca422f9bdf5acef65f3fc041cd2,-4.5758607784431131,4.5758607784431131,4,0.00001
chickm30m45d_baseline_f8_a11p7_p2_d60_x0_ca136e7c5e,ca136e7c5e0f3e6cd5f03ee1b5d44f87dbcc80b5ba0c5e2d93d0fcb5430ccbbf,-2.3572193113772455,2.3572193113772455,4,0.00001
chickm30m45d_baseline_f8_a11p7_p2_d70_x0_47ad512c13,47ad512c13d476f0626f566d02b7f57ed9c7286549de66528ea13f756de29388,-2.5314932634730538,2.5314932634730538,4,0.00001
chickm30m45d_baseline_f8_a11p7_p2_d80_x0_b8dafc6d03,b8dafc6d030d7b7ca2e80bb7cb3ce1a6b0fbfd4677d2c675f030c456af1172b7,-2.7057672155688621,2.7057672155688621,4,0.00001
chickm30m45d_baseline_f8_a11p7_p2_d90_x0_f4adf1ab37,f4adf1ab379ca054aaab80abcb166aecc8a20487b2333227cac5a96bbe0b2706,-2.8800411676646709,2.8800411676646709,4,0.00001
chickm30m45d_baseline_f8_a11p7_p2_d100_x0_7750209baf,7750209baf4854e44c2f45b38284ce27688d635c1a65c6467e0e267206499da5,-3.0543151197604788,3.0543151197604788,4,0.00001
chickm30m45d_baseline_f8_a11p7_p2_d110_x0_30103ff2c1,30103ff2c1341520679fe4a98aab38c77ac2a12a489e6e366b892febd770b176,-3.2285890718562875,3.2285890718562875,4,0.00001
chickm30m45d_baseline_f8_a11p7_p2_d120_x0_f3cfe9020b,f3cfe9020bba00e41f13388407f0c02eb41c4db12723446c940168be52ee94f4,-3.4028630239520958,3.4028630239520958,4,0.00001
chickm30m45d_baseline_f8_a11p7_p2p5_d60_x0_ac620eadcd,ac620eadcdbf5e6d6c00ad95bc1166e8af79398c622dec3a177a4f906e66bf66,-2.5715241392215571,2.5715241392215571,4,0.00001
chickm30m45d_baseline_f8_a11p7_p2p5_d70_x0_3bed0d890e,3bed0d890e97f8f6b056299533c224ac691a9fe5b6f0f5c45bf84c4386131056,-2.7893665793413174,2.7893665793413174,4,0.00001
chickm30m45d_baseline_f8_a11p7_p2p5_d80_x0_5a0b9b13ad,5a0b9b13ad6b5d7ac529a9618025afe9cc397764709699d6f665c7aab0f844cb,-3.0072090194610777,3.0072090194610777,4,0.00001
chickm30m45d_baseline_f8_a11p7_p2p5_d90_x0_db279f4b56,db279f4b56a6b1dbfa1ba39fd9d9cbb10ff79d6bfb8ef49a301d232898fd6a90,-3.2250514595808388,3.2250514595808388,4,0.00001
chickm30m45d_baseline_f8_a11p7_p2p5_d100_x0_fd94012da4,fd94012da4d5a22b7ed7e8ec71cda0c2395e34a7d6a780b48eb7cd733b940ee1,-3.4428938997005991,3.4428938997005991,4,0.00001
chickm30m45d_baseline_f8_a11p7_p2p5_d110_x0_cdab33c301,cdab33c30113d979729fa26592be4403d2a09de5985dd0a2a0408363bfccbe8c,-3.6607363398203594,3.6607363398203594,4,0.00001
chickm30m45d_baseline_f8_a11p7_p2p5_d120_x0_e55a040912,e55a040912a954279e39c9a79651af0f15718bd70090f580e89e280525f15991,-3.8785787799401201,3.8785787799401201,4,0.00001
chickm30m45d_baseline_f8_a11p7_p3_d60_x0_ad54cc95fc,ad54cc95fcaffca104a5798e7b11ffc076a9d2660b6655a9c1d80ad7eb78fb9b,-2.7858289670658682,2.7858289670658682,4,0.00001
chickm30m45d_baseline_f8_a11p7_p3_d70_x0_3d9011b821,3d9011b8215acbe25de1403fb34fdf1f686aff9b5ba1f56f8dd9e2f5f19d4cb2,-3.0472398952095805,3.0472398952095805,4,0.00001
chickm30m45d_baseline_f8_a11p7_p3_d80_x0_9b84e183e4,9b84e183e4a8ec6e1e03f0794a9e790969a7aeb54911796d025eafd90f912dd9,-3.3086508233532932,3.3086508233532932,4,0.00001
chickm30m45d_baseline_f8_a11p7_p3_d90_x0_2213ebe6b3,2213ebe6b348b6bb1acfc78f52e2ded374a234cfef16f038ab561dcd74587d6b,-3.5700617514970059,3.5700617514970059,4,0.00001
chickm30m45d_baseline_f8_a11p7_p3_d100_x0_79d94bd3d8,79d94bd3d89ce8aba4dccac86c47be9caccf214dacb801558a64144357da81f4,-3.8314726796407186,3.8314726796407186,4,0.00001
chickm30m45d_baseline_f8_a11p7_p3_d110_x0_6cb0c3e27e,6cb0c3e27ee48e3788a1cab8508399a5a1fc0b92ca8ce5f2f11f6d609fff6abd,-4.0928836077844313,4.0928836077844313,4,0.00001
chickm30m45d_baseline_f8_a11p7_p3_d120_x0_f991f74a52,f991f74a52d7758a7884d51276b239b1ea3ff83b81b82c227b17e94e164f2d34,-4.354294535928144,4.354294535928144,4,0.00001
chickm30m45d_baseline_f8_a11p7_p3p5_d60_x0_a80e2d62c9,a80e2d62c9ab4ba560a15d41968134fa43978d672183ab659205ec072acd1f3e,-3.0001337949101803,3.0001337949101803,4,0.00001
chickm30m45d_baseline_f8_a11p7_p3p5_d70_x0_e1a3a1a14a,e1a3a1a14a88010c07b53bb1ff6f6f17deeb041e4fae41bfe40ffc0bc119430f,-3.3051132110778445,3.3051132110778445,4,0.00001
chickm30m45d_baseline_f8_a11p7_p3p5_d80_x0_75b324144e,75b324144eba3c4f4707f2f0d394d5b2929e1000c7d67b90a97e7a89a828b273,-3.6100926272455087,3.6100926272455087,4,0.00001
chickm30m45d_baseline_f8_a11p7_p3p5_d90_x0_be74fb4d5a,be74fb4d5a471c4ae43b3b7ada3a66a09c317416d760034405cad02fc59fe103,-3.9150720434131738,3.9150720434131738,4,0.00001
chickm30m45d_baseline_f8_a11p7_p3p5_d100_x0_e39f603300,e39f6033008930928dcddd70419e818487dd0e45b2a3b52e51fe35130cb7bc4f,-4.220051459580838,4.220051459580838,4,0.00001
chickm30m45d_baseline_f8_a11p7_p3p5_d110_x0_0b47c95dbe,0b47c95dbe2024c4882b9090195c6072e764d348fa3b7c5aef52f5fa4a6714a0,-4.5250308757485032,4.5250308757485032,4,0.00001
chickm30m45d_baseline_f8_a11p7_p3p5_d120_x0_e87d8827dc,e87d8827dc6c0c0a397741d09240d2d30e4591c93e49bc307b9392b45bfff758,-4.8300102919161683,4.8300102919161683,4,0.00001
chickm30m45d_baseline_f8p5_a11p7_p2_d60_x0_a8182e75a4,a8182e75a483ad0376c066752facd8bd4b18adc2b60dc5baa0a429bbe6b6a3c1,-2.4853619232123987,2.4853619232123987,4,0.00001
chickm30m45d_baseline_f8p5_a11p7_p2_d70_x0_1b5c771e61,1b5c771e61689cd0f170477f8cc3f133648f6bfb3b3f62d34a8be6230f2bc370,-2.659635875308207,2.659635875308207,4,0.00001
chickm30m45d_baseline_f8p5_a11p7_p2_d80_x0_a7fd0b1519,a7fd0b15196113d7296dac290f38f823d0ac080b6a3c96b7510f1940816ee46f,-2.8339098274040153,2.8339098274040153,4,0.00001
chickm30m45d_baseline_f8p5_a11p7_p2_d90_x0_c6481c3468,c6481c346803fa210633bdeacae2cd988001167034611c0df4480d843f5f09a1,-3.0081837794998241,3.0081837794998241,4,0.00001
chickm30m45d_baseline_f8p5_a11p7_p2_d100_x0_ed386ce771,ed386ce771f5444f294355182108d81169eda63f7659eb6acb008a1dfcc27710,-3.1824577315956324,3.1824577315956324,4,0.00001
chickm30m45d_baseline_f8p5_a11p7_p2_d110_x0_b58a960ba3,b58a960ba3b81244f700dd0f294666c366ce377f4771fd0810d4d7bda87ab342,-3.3567316836914407,3.3567316836914407,4,0.00001
chickm30m45d_baseline_f8p5_a11p7_p2_d120_x0_a86072db34,a86072db34e43d44f348c90c8de3f310fb8fc39fa9326bd64678afa86ed633c3,-3.531005635787249,3.531005635787249,4,0.00001
chickm30m45d_baseline_f8p5_a11p7_p2p5_d60_x0_ef77b99ba1,ef77b99ba119c1cba97eea34c3ddfa618e803daa219d00085d5ee71cfbae1642,-2.7317024040154987,2.7317024040154987,4,0.00001
chickm30m45d_baseline_f8p5_a11p7_p2p5_d70_x0_17145fe6f0,17145fe6f0fc48564b7261ffe112daa667b8f087246423182cbf1972877bdc4d,-2.9495448441352585,2.9495448441352585,4,0.00001
chickm30m45d_baseline_f8p5_a11p7_p2p5_d80_x0_5a82646b2c,5a82646b2cc080bb09ac0397764dbeca0efbb144cb264503057e028bfe07ecfb,-3.1673872842550188,3.1673872842550188,4,0.00001
chickm30m45d_baseline_f8p5_a11p7_p2p5_d90_x0_f2813b50b3,f2813b50b3b35dd5b5e6792bfe0ebfff6cb18bea1592be404fe57dcc76a24530,-3.3852297243747804,3.3852297243747804,4,0.00001
chickm30m45d_baseline_f8p5_a11p7_p2p5_d100_x0_80d5764542,80d57645420ff1723930b0e2d896f31b9dbf2e87c207334cdc3e6b305e65b1c4,-3.6030721644945407,3.6030721644945407,4,0.00001
chickm30m45d_baseline_f8p5_a11p7_p2p5_d110_x0_b3cf0272d1,b3cf0272d10c7daf8edb4e81c7fe18ce70e00825ff756d6e261ed4a051fd19d9,-3.820914604614301,3.820914604614301,4,0.00001
chickm30m45d_baseline_f8p5_a11p7_p2p5_d120_x0_7c850a9160,7c850a9160dce3d0a3f94e2bfe4947186c8d54bb31bc6b6deac1bf814bfa2831,-4.0387570447340622,4.0387570447340622,4,0.00001
chickm30m45d_baseline_f8p5_a11p7_p3_d60_x0_ade7a887e1,ade7a887e137c1582eef987fb6783f92314fd5c1d4608de8bd81141cc2b81596,-2.9780428848185987,2.9780428848185987,4,0.00001
chickm30m45d_baseline_f8p5_a11p7_p3_d70_x0_59fc0acab0,59fc0acab0a01c6824678f9c76d6d4366d1d3dd63fe74e4dc40735e20e2da03e,-3.2394538129623109,3.2394538129623109,4,0.00001
chickm30m45d_baseline_f8p5_a11p7_p3_d80_x0_14cabd4d9f,14cabd4d9f62fe3a4414e9fff599294b9c792faf028dc5a55a81e0d7a26efa05,-3.5008647411060236,3.5008647411060236,4,0.00001
chickm30m45d_baseline_f8p5_a11p7_p3_d90_x0_ff1e30342b,ff1e30342b55554ba09bda9d570fb2f98f2361491a4cc3a2d7a086506f609fe4,-3.7622756692497359,3.7622756692497359,4,0.00001
chickm30m45d_baseline_f8p5_a11p7_p3_d100_x0_15907717ba,15907717bab6263e4f7057a878facd912433eaa93fc632752e597a6af77310c2,-4.0236865973934481,4.0236865973934481,4,0.00001
chickm30m45d_baseline_f8p5_a11p7_p3_d110_x0_b6f5b1b04b,b6f5b1b04b0b75385d4dbd2998a934ea26901decfb8decd0a2e2ce7548a0d19a,-4.2850975255371608,4.2850975255371608,4,0.00001
chickm30m45d_baseline_f8p5_a11p7_p3_d120_x0_1f844eab29,1f844eab293145d12352186de67427d98fcf6c5e17df9ecbd563a28ed8d6dcb6,-4.5465084536808735,4.5465084536808735,4,0.00001
chickm30m45d_baseline_f8p5_a11p7_p3p5_d60_x0_09f9863e72,09f9863e7200bf41a27f3a375ea511f30e16d2a1e94a9f9c7e079822f19707d6,-3.2243833656216982,3.2243833656216982,4,0.00001
chickm30m45d_baseline_f8p5_a11p7_p3p5_d70_x0_5f07ba05ee,5f07ba05ee26a812198fb0a787d002c309683ef1a4d4a122d4cc3c410a7c0c9d,-3.5293627817893629,3.5293627817893629,4,0.00001
chickm30m45d_baseline_f8p5_a11p7_p3p5_d80_x0_a47504f0e6,a47504f0e676420b50f52d40785744e8eff7deebc6a4fd95e174b0584424d8c6,-3.8343421979570271,3.8343421979570271,4,0.00001
chickm30m45d_baseline_f8p5_a11p7_p3p5_d90_x0_9ea50b49df,9ea50b49df48f2db186bf77bbb4afe76c51d3100ff85c2ac153ece2d43273a8b,-4.1393216141246922,4.1393216141246922,4,0.00001
chickm30m45d_baseline_f8p5_a11p7_p3p5_d100_x0_a498f7eee9,a498f7eee9a893a9ea9f011363e2378cf6977e199a0c0f95ef93da836565039d,-4.4443010302923565,4.4443010302923565,4,0.00001
chickm30m45d_baseline_f8p5_a11p7_p3p5_d110_x0_fceaea27e0,fceaea27e0c701e93100f64f8f860c5c8555d7f69385576fc86b6dd291ff86d9,-4.7492804464600216,4.7492804464600216,4,0.00001
chickm30m45d_baseline_f8p5_a11p7_p3p5_d120_x0_ee13e7fc39,ee13e7fc392bbb3bf1b6b0506d0117a7fd7f2253ead194980a45a335e349dd60,-5.0542598626276867,5.0542598626276867,4,0.00001
childm6y_baseline_f13p5_a23_p2_d60_x0_5ec0b48c61,5ec0b48c617a37a54d35669e773a840933effefc952b9b6bb0144e87834479b0,-4.5078365491239749,4.5078365491239749,4,0.00001
childm6y_baseline_f13p5_a23_p2_d70_x0_a32d1d120a,a32d1d120aa1989268b6453d3aec57b0886e2d165dc14b7208ff66f416b5bdf9,-4.8504263694832561,4.8504263694832561,4,0.00001
childm6y_baseline_f13p5_a23_p2_d80_x0_02b5cedfca,02b5cedfca1949d529134b0c8989df30a142643c55530bc5be99a7dc77d54bcb,-5.1930161898425382,5.1930161898425382,4,0.00001
childm6y_baseline_f13p5_a23_p2_d90_x0_0266eae658,0266eae658b6c1caccf2471078152b80f778a9fee542982ece7042d720314db0,-5.5356060102018194,5.5356060102018194,4,0.00001
childm6y_baseline_f13p5_a23_p2_d100_x0_5170f81fcc,5170f81fcc89bb715b31bdb48204d760a28dd1a0055be4df1f4ff2e08aa84826,-5.8781958305611006,5.8781958305611006,4,0.00001
childm6y_baseline_f13p5_a23_p2_d110_x0_0caf42f10f,0caf42f10f2689f2c05f4ef1493966b1bea516048a98f65d86f60dcfbd6588fe,-6.2207856509203818,6.2207856509203818,4,0.00001
childm6y_baseline_f13p5_a23_p2_d120_x0_2f7d07344f,2f7d07344f44665fcb613d1867572156a398aa04c3db1e236cb3a63d67a78463,-6.563375471279663,6.563375471279663,4,0.00001
childm6y_baseline_f13p5_a23_p3_d60_x0_15fcf139ed,15fcf139ed1ad99b6ed388a1542f8852ae7e24c962f9c584670942385fca1c89,-5.261754823685961,5.261754823685961,4,0.00001
childm6y_baseline_f13p5_a23_p3_d70_x0_a366044bd6,a366044bd651eafd1596c9cf1026b3a1cb6369cce43e86a89495a87f9f76d198,-5.7756395542248828,5.7756395542248828,4,0.00001
childm6y_baseline_f13p5_a23_p3_d80_x0_bbb0324824,bbb0324824eece56055d2f0228d0ed2ff64c33fbc640ae7b53edb2a665f3346f,-6.2895242847638055,6.2895242847638055,4,0.00001
childm6y_baseline_f13p5_a23_p3_d90_x0_efab581d08,efab581d08c23224ad5304136bd30f7d2869a3add075075563459fe0a08f402c,-6.8034090153027282,6.8034090153027282,4,0.00001
childm6y_baseline_f13p5_a23_p3_d100_x0_8ca8db3768,8ca8db3768cdc1fb75d0fba560c3bd8b2a9dccf645f0054261ff803e6257d067,-7.3172937458416492,7.3172937458416492,4,0.00001
childm6y_baseline_f13p5_a23_p3_d110_x0_33d1ff1e59,33d1ff1e59c7f4f720c2cefeea7c7543745ab5308cd75e44fea55753bd362f64,-7.8311784763805727,7.8311784763805727,4,0.00001
childm6y_baseline_f13p5_a23_p3_d120_x0_38d30c2b70,38d30c2b70a9af03e218c67fbbbbdc4f55a0adec716af26730979c7660461693,-8.3450632069194945,8.3450632069194945,4,0.00001
childm6y_baseline_f13p5_a23_p4_d60_x0_51380527fc,51380527fccdc48c471d59424d378f5107b37a444c76f87ff53ab36ec2643269,-6.0156730982479489,6.0156730982479489,4,0.00001
childm6y_baseline_f13p5_a23_p4_d70_x0_506991ca4e,506991ca4e7b265a6ca16cbbe11d9762b1a02077a95717492d046959f4bf62e5,-6.7008527389665105,6.7008527389665105,4,0.00001
childm6y_baseline_f13p5_a23_p4_d80_x0_ee59a28d2c,ee59a28d2ce9914dc5f305000b6e2818714153d5bd0585cff4e870f8596757b8,-7.3860323796850738,7.3860323796850738,4,0.00001
childm6y_baseline_f13p5_a23_p4_d90_x0_339a22935e,339a22935e643a3d93ff9d0658ea7a2c03001b8f476b9141c8fed96f5c84b082,-8.0712120204036353,8.0712120204036353,4,0.00001
childm6y_baseline_f13p5_a23_p4_d100_x0_24ca512d62,24ca512d6290126d8443cbeb5110c81da3ea10447d973bf360b1f6f2ad2db4ae,-8.7563916611221995,8.7563916611221995,4,0.00001
childm6y_baseline_f13p5_a23_p4_d110_x0_c13a40bde2,c13a40bde24049e8f8c2ccc8dbc525fdb2831d3a6a2a7f94a1eba370b6b455cb,-9.4415713018407637,9.4415713018407637,4,0.00001
childm6y_baseline_f13p5_a23_p4_d120_x0_3d9e144318,3d9e14431881b9fd39bf1e84d415c0974460a9b900f5717035729fcf5cac8d1b,-10.126750942559326,10.126750942559326,4,0.00001
childm6y_baseline_f13p5_a23_p5_d60_x0_2a3c17e4bc,2a3c17e4bc4b6004a78561e293a9606308773f45ee06b7a2e485279852e728ec,-6.7695913728099351,6.7695913728099351,4,0.00001
childm6y_baseline_f13p5_a23_p5_d70_x0_92cf261b41,92cf261b4122cb4304a4ca783bb6a8937567fce6dc03be4a68e9d4f102ae5b20,-7.6260659237081398,7.6260659237081398,4,0.00001
childm6y_baseline_f13p5_a23_p5_d80_x0_6f4be4e0b7,6f4be4e0b788eae0350970da376b35a365f58009b1375b3e7702b6041a753d91,-8.4825404746063437,8.4825404746063437,4,0.00001
childm6y_baseline_f13p5_a23_p5_d90_x0_da3c82df86,da3c82df86acf076b754602f38a27801b23420023ff45c5f5707fb600ca403d3,-9.3390150255045441,9.3390150255045441,4,0.00001
childm6y_baseline_f13p5_a23_p5_d100_x0_6db1a18351,6db1a183519db9d0549b8402f4bce33be640b51487c39e3e3d9a0df5df5131e2,-10.19548957640275,10.19548957640275,4,0.00001
childm6y_baseline_f13p5_a23_p5_d110_x0_7af10bf935,7af10bf9358dc8194309cd431837d7a8f94fbafe3daad5657daa7266a511cf43,-11.051964127300955,11.051964127300955,4,0.00001
childm6y_baseline_f13p5_a23_p5_d120_x0_b58c10d649,b58c10d649e6c64331bc22af62a9d7a582c2c82a119263f85f232a9254585cc3,-11.908438678199158,11.908438678199158,4,0.00001
childm6y_baseline_f15p1_a23_p2_d60_x0_0e615f0d08,0e615f0d0819914f165715d0aa895dd337884ad63a4957cc19272c34e8751b30,-4.7767321648094541,4.7767321648094541,4,0.00001
childm6y_baseline_f15p1_a23_p2_d70_x0_9d2febffd7,9d2febffd7b0a3eda6188eb721ef30bee237540535f35e50e21c2ccef48c2ad1,-5.1193219851687362,5.1193219851687362,4,0.00001
childm6y_baseline_f15p1_a23_p2_d80_x0_92396e04c9,92396e04c9e6b97088fb7d24b73cd93fd6f96aea1c401bd1e6eacd68530d5007,-5.4619118055280165,5.4619118055280165,4,0.00001
childm6y_baseline_f15p1_a23_p2_d90_x0_efc483eb2e,efc483eb2eba6514a05460d95218c060c5012d900bac3bf5c5d49bcf9a1a88a4,-5.8045016258872977,5.8045016258872977,4,0.00001
childm6y_baseline_f15p1_a23_p2_d100_x0_863f2f5142,863f2f5142ed52228f8258045be364ed453ae49d23bb580a87202c243ea1b249,-6.1470914462465789,6.1470914462465789,4,0.00001
childm6y_baseline_f15p1_a23_p2_d110_x0_4bdefe7689,4bdefe768905833870e85a98fb53623e8c2b3573b8e767f3a29da88c8584e1fc,-6.4896812666058619,6.4896812666058619,4,0.00001
childm6y_baseline_f15p1_a23_p2_d120_x0_2f411ffe79,2f411ffe797aa3666a143594acdbb8b7643c09aadea64d0ff1dd66d0bbdd17ba,-6.8322710869651431,6.8322710869651431,4,0.00001
childm6y_baseline_f15p1_a23_p3_d60_x0_d4ffc18703,d4ffc187033793a6e7dce696d68f38b54c333b8cf41dee1dc0cf55561fc5b840,-5.6650982472141802,5.6650982472141802,4,0.00001
childm6y_baseline_f15p1_a23_p3_d70_x0_c369b71c4f,c369b71c4fd8060e84f8208e8ec1113ad4dfc86742434b249bcd2426ddbe89d5,-6.1789829777531029,6.1789829777531029,4,0.00001
childm6y_baseline_f15p1_a23_p3_d80_x0_17ebf0f16a,17ebf0f16ab99ade4e28ce37c2f8bce37bc9636494df0bb56bb631e1d81ab59e,-6.6928677082920238,6.6928677082920238,4,0.00001
childm6y_baseline_f15p1_a23_p3_d90_x0_22ebe5c609,22ebe5c609142cf40c87dd3d7d690e0619bd3e93a2e36fa902faf6d886544bf3,-7.2067524388309465,7.2067524388309465,4,0.00001
childm6y_baseline_f15p1_a23_p3_d100_x0_550a12b2d3,550a12b2d3da5337de95b0e4b5137649eaa120a6df3faedb0a0e92ab451ab3b3,-7.7206371693698692,7.7206371693698692,4,0.00001
childm6y_baseline_f15p1_a23_p3_d110_x0_bafb2d6b0b,bafb2d6b0bb08036762b9edd3e47fcc1d4ed59c054565d2793e41c4438cceebb,-8.2345218999087919,8.2345218999087919,4,0.00001
childm6y_baseline_f15p1_a23_p3_d120_x0_31d91d3631,31d91d36318c6c44bea6257e69214e1bd6f3d83f21fdd2383feef0bd3b6a54dd,-8.7484066304477146,8.7484066304477146,4,0.00001
childm6y_baseline_f15p1_a23_p4_d60_x0_33be4c1553,33be4c15537d87ffc9aa812fe49b52fb6568e13803c521a353ae3f2c1bbf02f4,-6.5534643296189072,6.5534643296189072,4,0.00001
childm6y_baseline_f15p1_a23_p4_d70_x0_92b396cb9d,92b396cb9d8b6da32c121520dbb62ff515f106d33e2ac59402b10392431c62ad,-7.2386439703374705,7.2386439703374705,4,0.00001
childm6y_baseline_f15p1_a23_p4_d80_x0_4ec35f5db1,4ec35f5db1cb7564cd7afa50190bfc218abe1220efc1c1a8289f9b2709f8ae5d,-7.9238236110560329,7.9238236110560329,4,0.00001
childm6y_baseline_f15p1_a23_p4_d90_x0_41381d73b5,41381d73b5a1a4066e494733119182045e30024701b98ca2fe8960b35dd9ed9f,-8.6090032517745954,8.6090032517745954,4,0.00001
childm6y_baseline_f15p1_a23_p4_d100_x0_7e6e6c3d29,7e6e6c3d29d00b03daec316672b036c6d20dc57cb68613ea9e529564d9209047,-9.2941828924931578,9.2941828924931578,4,0.00001
childm6y_baseline_f15p1_a23_p4_d110_x0_b17e8fc276,b17e8fc276ee3e529d7ef14027e1aedd5c2dea536c8318cc851d3aaf4143e0a5,-9.979362533211722,9.979362533211722,4,0.00001
childm6y_baseline_f15p1_a23_p4_d120_x0_892fbe5230,892fbe523071c1a0814bc626da1d28e8d3921b2f4a6f2c2fc80e37fa345af472,-10.664542173930284,10.664542173930284,4,0.00001
childm6y_baseline_f15p1_a23_p5_d60_x0_c0032f7d12,c0032f7d12d85a26d973df645ccf54091aa1a3c7328bf401246ba6f06afed3ca,-7.4418304120236343,7.4418304120236343,4,0.00001
childm6y_baseline_f15p1_a23_p5_d70_x0_a49fd6c9d1,a49fd6c9d186732da9765d02bea9dfa9bed76e7e2139eee461ca6cc843fc9bcf,-8.2983049629218382,8.2983049629218382,4,0.00001
childm6y_baseline_f15p1_a23_p5_d80_x0_451e222dd2,451e222dd28f4b60dc68472233bf81ccbe69e5f3817a261dd753f6e38a6fa589,-9.1547795138200421,9.1547795138200421,4,0.00001
childm6y_baseline_f15p1_a23_p5_d90_x0_c84edb84b9,c84edb84b90faf41afc10d7d7e0d235413ccbf6f41fcf135263b881a7ab9b9be,-10.011254064718244,10.011254064718244,4,0.00001
childm6y_baseline_f15p1_a23_p5_d100_x0_6c0400d2ee,6c0400d2ee8d9f61818965be1880fe063ae06802ed0ad86cd512489e0965837a,-10.86772861561645,10.86772861561645,4,0.00001
childm6y_baseline_f15p1_a23_p5_d110_x0_a9a7d46663,a9a7d466633853c5f62d90ba6543829d60f69af2af9866d8910f14aa9e3d28f4,-11.724203166514656,11.724203166514656,4,0.00001
childm6y_baseline_f15p1_a23_p5_d120_x0_576f24f5ca,576f24f5cabb9b13d2c3d6862ffc4f4e4ee145e65e3bde2a421185ecb8493833,-12.580677717412854,12.580677717412854,4,0.00001
childm6y_baseline_f16p7_a23_p2_d60_x0_78b884fdd5,78b884fdd5c16990beb2cc346719c33e17609b98dc5419495fee19b23fbde594,-4.9941028721001111,4.9941028721001111,4,0.00001
childm6y_baseline_f16p7_a23_p2_d70_x0_e1ad204d12,e1ad204d1272914cbe54f82b806ac90d905bf83ca70ca178502f7bbf6b463d78,-5.3366926924593932,5.3366926924593932,4,0.00001
childm6y_baseline_f16p7_a23_p2_d80_x0_0e641fb754,0e641fb754f301af4aec23814843e81ac151cc560eeaea1e2db6af43e5bcffcc,-5.6792825128186744,5.6792825128186744,4,0.00001
childm6y_baseline_f16p7_a23_p2_d90_x0_ec9dd24556,ec9dd2455659b4ab4ba0bd33f81bb66d3cdf5f226f64d30bb110e350caf115d5,-6.0218723331779547,6.0218723331779547,4,0.00001
childm6y_baseline_f16p7_a23_p2_d100_x0_9dfbdaa097,9dfbdaa097aef21cbfb02fe5e6945800a1f6fde09ae1ba358536f4f884872c41,-6.3644621535372368,6.3644621535372368,4,0.00001
childm6y_baseline_f16p7_a23_p2_d110_x0_fd9f9f857c,fd9f9f857cc57b30ac8f7289c55b854f3d125b87128ce7a92acf3c7e9ce2d93b,-6.707051973896518,6.707051973896518,4,0.00001
childm6y_baseline_f16p7_a23_p2_d120_x0_47be89c344,47be89c34442d9af4d6b453db79fc878d0dffb223aea91febdbd506876079c5b,-7.0496417942558001,7.0496417942558001,4,0.00001
childm6y_baseline_f16p7_a23_p3_d60_x0_cd60c38028,cd60c3802814adb88a923ef9e44b7f008bcd7e47065f87837bdfd76116709459,-5.9911543081501666,5.9911543081501666,4,0.00001
childm6y_baseline_f16p7_a23_p3_d70_x0_3e20d1296e,3e20d1296ef56eab85cfbdf4fca9ee47270b267479d3944c61c4011c1f704095,-6.5050390386890893,6.5050390386890893,4,0.00001
childm6y_baseline_f16p7_a23_p3_d80_x0_53b15d0ce6,53b15d0ce6d13f5b12d8cef38c6161a1ecf5db46c1714543691532db36840597,-7.0189237692280102,7.0189237692280102,4,0.00001
childm6y_baseline_f16p7_a23_p3_d90_x0_0cd9f49dfa,0cd9f49dfa1e4a3190d631f4bb1f397f6e3a8a7948b0a96355c6c7a7d41acb45,-7.5328084997669329,7.5328084997669329,4,0.00001
childm6y_baseline_f16p7_a23_p3_d100_x0_823e4df0e3,823e4df0e3de8477bc2f343dd22ed8f0bdb6dca8b6bf1453ac0fa2c4a6bf515c,-8.0466932303058556,8.0466932303058556,4,0.00001
childm6y_baseline_f16p7_a23_p3_d110_x0_c726a12b4a,c726a12b4a3fcce69949ed2c30e23c53feb259f3a9c43712545bcac16bfbfbfe,-8.5605779608447783,8.5605779608447783,4,0.00001
childm6y_baseline_f16p7_a23_p3_d120_x0_7ab690107b,7ab690107bef8c886673b88eb6881433b7d135961df64f95c6de2531b54da7a7,-9.074462691383701,9.074462691383701,4,0.00001
childm6y_baseline_f16p7_a23_p4_d60_x0_882d14436b,882d14436b85426e112f4d3e95cb5fe35c7507860dac3ea9b67d2e47612d2629,-6.988205744200223,6.988205744200223,4,0.00001
childm6y_baseline_f16p7_a23_p4_d70_x0_5841c6ebbe,5841c6ebbe08ff0004e55452dac9e8310b20860996d81e74ee347cac9c78ff79,-7.6733853849187863,7.6733853849187863,4,0.00001
childm6y_baseline_f16p7_a23_p4_d80_x0_48ac9aa7ff,48ac9aa7ff08c71829ad34bea70c86bf1c7a5cd1d3f40f31fe592dbca9beb8bf,-8.3585650256373469,8.3585650256373469,4,0.00001
childm6y_baseline_f16p7_a23_p4_d90_x0_94300ddf4a,94300ddf4a0ff4af52c8e56213f3ec08d599ed6799dfbbb3f448fb92feb135ae,-9.0437446663559093,9.0437446663559093,4,0.00001
childm6y_baseline_f16p7_a23_p4_d100_x0_f3d07355dc,f3d07355dccf554c52b7b3bade957c719cccb82aa929468d6e302757ee5a1ad3,-9.7289243070744735,9.7289243070744735,4,0.00001
childm6y_baseline_f16p7_a23_p4_d110_x0_81d4ca76d7,81d4ca76d7b756b959c71177f2d43a385306fc7e282cc2c7d568a6d2b92d40a3,-10.414103947793036,10.414103947793036,4,0.00001
childm6y_baseline_f16p7_a23_p4_d120_x0_f1254615c5,f1254615c517c0abcf854b549e2af2d76beca56e88c38301bd6902a40a38023d,-11.0992835885116,11.0992835885116,4,0.00001
childm6y_baseline_f16p7_a23_p5_d60_x0_8a926d60a5,8a926d60a5347ef37f6ea51f7da5b55158ec1f0345b01ad0f8efe3d8ef583da8,-7.9852571802502776,7.9852571802502776,4,0.00001
childm6y_baseline_f16p7_a23_p5_d70_x0_337b06f91c,337b06f91c564e485edd332dada7c3c1564f7d55e37335c22cd3faac66ddf501,-8.8417317311484815,8.8417317311484815,4,0.00001
childm6y_baseline_f16p7_a23_p5_d80_x0_8216bc2251,8216bc22515d90200ee0f722477550eda9d3e3710c863b3885d7d323c7d3b78d,-9.6982062820466837,9.6982062820466837,4,0.00001
childm6y_baseline_f16p7_a23_p5_d90_x0_e485b5bebc,e485b5bebc4fc3869ea6da190728e949e72bcd0c2e0ea4c7e6490cc7e0f04728,-10.554680832944888,10.554680832944888,4,0.00001
childm6y_baseline_f16p7_a23_p5_d100_x0_0da208ddae,0da208ddae9a4d80062876755d85b3ccd05e452ea5050e1831d74a2e96ca8d40,-11.411155383843091,11.411155383843091,4,0.00001
childm6y_baseline_f16p7_a23_p5_d110_x0_b31b8c042d,b31b8c042d2fada745de5ff54793863eeeb907d1ad1def6c14c4d3920c511285,-12.267629934741295,12.267629934741295,4,0.00001
childm6y_baseline_f16p7_a23_p5_d120_x0_d1c0ac0226,d1c0ac02262b548228cfa6669630920146b021851c857fe7a71a5f681a41f43e,-13.124104485639499,13.124104485639499,4,0.00001
adultm18y_baseline_f12p8_a23p6_p2_d60_x0_59ce27266d,59ce27266dfc1111dd8b77e290adf1ae5fcf1c67fd3f592ebe3d9cb19f9ee2d1,-4.3528574101796407,4.3528574101796407,4,0.00001
adultm18y_baseline_f12p8_a23p6_p2_d70_x0_262f70f69c,262f70f69cd5842bb8716c66a308332bdaaeb7a51aea50c88b8caa872930b20a,-4.7043843562874255,4.7043843562874255,4,0.00001
adultm18y_baseline_f12p8_a23p6_p2_d80_x0_2ca92bbf06,2ca92bbf068b07b6b2bca165502d6ea4b2226ac31f2d7713f062fccb415a195a,-5.0559113023952085,5.0559113023952085,4,0.00001
adultm18y_baseline_f12p8_a23p6_p2_d90_x0_ecaebaa104,ecaebaa104612da556524a76236e944dd1cf6bdc3f4c87f0670ac3c96be47cb0,-5.407438248502995,5.407438248502995,4,0.00001
adultm18y_baseline_f12p8_a23p6_p2_d100_x0_af444f2e39,af444f2e39614a69f36ca5f32fc6ba01de99cbe49ce3aa004f5275885192734a,-5.7589651946107789,5.7589651946107789,4,0.00001
adultm18y_baseline_f12p8_a23p6_p2_d110_x0_b3670b26f7,b3670b26f726ecc772da1909c9e4a8a81b329393510b02f94fae929264397eb0,-6.1104921407185628,6.1104921407185628,4,0.00001
adultm18y_baseline_f12p8_a23p6_p2_d120_x0_97c2e00c82,97c2e00c82fd1bc06370e83a3ed1a4823715eaad033d3445c5bed784ee887de7,-6.4620190868263467,6.4620190868263467,4,0.00001
adultm18y_baseline_f12p8_a23p6_p3_d60_x0_8514a73335,8514a7333594c85e4dae53e818dc5f6fc119541cb1379aec71bc8b2176bfcf9f,-5.0292861152694606,5.0292861152694606,4,0.00001
adultm18y_baseline_f12p8_a23p6_p3_d70_x0_f7aba60963,f7aba609638fd5707079344a5d2925effecc1504cb3e22958b689b5880a35917,-5.5565765344311382,5.5565765344311382,4,0.00001
adultm18y_baseline_f12p8_a23p6_p3_d80_x0_a533f63bb6,a533f63bb67cce7dbc68a991b3172b192d3d6c63f7c8e73977b8d730e9ab3294,-6.083866953592814,6.083866953592814,4,0.00001
adultm18y_baseline_f12p8_a23p6_p3_d90_x0_9f78d0b872,9f78d0b872bceb4986953a41a9a4a9ffc98e20b51c4feb2d73957dc36f842fb7,-6.6111573727544908,6.6111573727544908,4,0.00001
adultm18y_baseline_f12p8_a23p6_p3_d100_x0_295f8c3603,295f8c360342a3be048ab16318416ab03916fc33ee9bdf9eefa6f8b52cc09ed3,-7.1384477919161675,7.1384477919161675,4,0.00001
adultm18y_baseline_f12p8_a23p6_p3_d110_x0_6e7ff68ab8,6e7ff68ab8bae05b027fb624be3881a8c985232b56ce50f4aea7d784eb51edee,-7.6657382110778443,7.6657382110778443,4,0.00001
adultm18y_baseline_f12p8_a23p6_p3_d120_x0_92ff5ca0ed,92ff5ca0edd3baf55976bb3fe841ca6e5fea5ebd7d904f356341db087a722498,-8.193028630239521,8.193028630239521,4,0.00001
adultm18y_baseline_f12p8_a23p6_p4_d60_x0_e964c7243c,e964c7243c4ed1f77a8f42bea6230b71700703f47c6366fe963b7e726a23f7d0,-5.7057148203592822,5.7057148203592822,4,0.00001
adultm18y_baseline_f12p8_a23p6_p4_d70_x0_88d0dfbd8d,88d0dfbd8d06244da487c09493e0defe0514243b8784c8a5beb793805018f165,-6.40876871257485,6.40876871257485,4,0.00001
adultm18y_baseline_f12p8_a23p6_p4_d80_x0_876105a956,876105a956379ced6267605a125a50e83df2e3bdb59c147d76fcfcc65867c559,-7.1118226047904187,7.1118226047904187,4,0.00001
adultm18y_baseline_f12p8_a23p6_p4_d90_x0_a2796db11b,a2796db11ba5464d342b4454e5cff14b22765a07a2f19eb6c2029b8a28a4b1b6,-7.8148764970059865,7.8148764970059865,4,0.00001
adultm18y_baseline_f12p8_a23p6_p4_d100_x0_ffedc2350c,ffedc2350c9af924db90b569a89bf20894091f59c32ecbb2a9ca5cbbfc360860,-8.5179303892215561,8.5179303892215561,4,0.00001
adultm18y_baseline_f12p8_a23p6_p4_d110_x0_943068ce12,943068ce12108c18aba51cae5dab04a2a24b4d303f1acbc95cbef39f698c1ac3,-9.2209842814371257,9.2209842814371257,4,0.00001
adultm18y_baseline_f12p8_a23p6_p4_d120_x0_27e9725fe9,27e9725fe9a7621e4196eaefc0bac644f6cf2b47c7e58035f5b7c819e883c0bb,-9.9240381736526952,9.9240381736526952,4,0.00001
adultm18y_baseline_f12p8_a23p6_p5_d60_x0_d50d95a20c,d50d95a20c3757d63b8e5063278fefa5b4b64dd3a4151dbc62c293718021f9be,-6.3821435254491021,6.3821435254491021,4,0.00001
adultm18y_baseline_f12p8_a23p6_p5_d70_x0_980aee8203,980aee8203ed836aaf1cd4c91c29506725b6f13fc2adba2392caabc7a311827f,-7.2609608907185637,7.2609608907185637,4,0.00001
adultm18y_baseline_f12p8_a23p6_p5_d80_x0_f2a57191ad,f2a57191ad94a2adda349ef6f9c3039b94eea6c1333e9e815ae972bf8ef84002,-8.1397782559880216,8.1397782559880216,4,0.00001
adultm18y_baseline_f12p8_a23p6_p5_d90_x0_53b1814825,53b1814825bccfce76637b07eda26ad421b87a7fd05aca2367a904fff855708e,-9.018595621257484,9.018595621257484,4,0.00001
adultm18y_baseline_f12p8_a23p6_p5_d100_x0_e70dd43aaa,e70dd43aaaac0f3e0951266666b6b5822448b2c6ee7cc97466be10e601a360ff,-9.8974129865269482,9.8974129865269482,4,0.00001
adultm18y_baseline_f12p8_a23p6_p5_d110_x0_c08d238377,c08d23837716bf1dbc77dc5e9946360fdcc8b57e7aa17c4efa9504e407b09956,-10.776230351796407,10.776230351796407,4,0.00001
adultm18y_baseline_f12p8_a23p6_p5_d120_x0_72451d4539,72451d453950bae004490935313dd5de105ad34fb493fa61e88144b6c1b01afa,-11.65504771706587,11.65504771706587,4,0.00001
adultm18y_baseline_f14p75_a23p6_p2_d60_x0_f31161ac28,f31161ac28aed11208aa3937bd5ddb7e2715129a9d9c8bbf2f5b31f4acede6e6,-4.7159281437125751,4.7159281437125751,4,0.00001
adultm18y_baseline_f14p75_a23p6_p2_d70_x0_4a412fd520,4a412fd52002a824914dc0ab5d26f03e38adf5d6b8d25c662ff1337d448a46a0,-5.0674550898203599,5.0674550898203599,4,0.00001
adultm18y_baseline_f14p75_a23p6_p2_d80_x0_8166e5f0cf,8166e5f0cf1a2deae7e9229d88af66e30e58be599d6a6a00c9bd1701569e70cf,-5.4189820359281438,5.4189820359281438,4,0.00001
adultm18y_baseline_f14p75_a23p6_p2_d90_x0_f8797909c2,f8797909c26d55a055f450a0212bdeebc98dd55084e6ebf5940c997f69a39974,-5.7705089820359277,5.7705089820359277,4,0.00001
adultm18y_baseline_f14p75_a23p6_p2_d100_x0_cbdf5f34f4,cbdf5f34f4943bf2150de38dd22cb93eb18b74f2de63e52446d4e58b858cbbd1,-6.1220359281437133,6.1220359281437133,4,0.00001
adultm18y_baseline_f14p75_a23p6_p2_d110_x0_9750480b74,9750480b7409032c01f802f39c0f3324609a6a6e7af7255a829ff483837fb0e1,-6.4735628742514972,6.4735628742514972,4,0.00001
adultm18y_baseline_f14p75_a23p6_p2_d120_x0_ce359006a5,ce359006a5da75d9f842f4f5027d7bb5180ee8adf16bfbf767779303b516b527,-6.8250898203592811,6.8250898203592811,4,0.00001
adultm18y_baseline_f14p75_a23p6_p3_d60_x0_8d95a751c3,8d95a751c3946b1171f1bb2c7806cd7a905c3c6bb75dfe059c3bf65bbafd39ff,-5.5738922155688613,5.5738922155688613,4,0.00001
adultm18y_baseline_f14p75_a23p6_p3_d70_x0_b8586f3fd6,b8586f3fd6f4c9ac867f6a69cad6bfae0c4b9eaeaaa419b0de5eb763a0469db8,-6.1011826347305398,6.1011826347305398,4,0.00001
adultm18y_baseline_f14p75_a23p6_p3_d80_x0_61ae0c311f,61ae0c311f2352e49582b47fc6306999a7b4781a0b84f3e7865adc94a9222a34,-6.6284730538922156,6.6284730538922156,4,0.00001
adultm18y_baseline_f14p75_a23p6_p3_d90_x0_395f7ac079,395f7ac079413cdd7974b00d0efc71d4fb8ccba50d9a2aac368a2fa7ca18e93c,-7.1557634730538906,7.1557634730538906,4,0.00001
adultm18y_baseline_f14p75_a23p6_p3_d100_x0_b2568fdcdc,b2568fdcdc76e42c2fb494872b0c4d91b5abb4d2fe5acd29d190ab576372f802,-7.6830538922155682,7.6830538922155682,4,0.00001
adultm18y_baseline_f14p75_a23p6_p3_d110_x0_3786734c41,3786734c41005d48032c902ab9d795ebe14cd0ab3ea6d7933235195e31673482,-8.2103443113772467,8.2103443113772467,4,0.00001
adultm18y_baseline_f14p75_a23p6_p3_d120_x0_1481644751,14816447519a704c4cf54163836a5fa7f8c6369047f47b0e3260d41fcedcc70b,-8.7376347305389217,8.7376347305389217,4,0.00001
adultm18y_baseline_f14p75_a23p6_p4_d60_x0_c4a1029e94,c4a1029e94c35a9a270a1655e8dbe400cf3303c587f74f62debbeee214602415,-6.4318562874251484,6.4318562874251484,4,0.00001
adultm18y_baseline_f14p75_a23p6_p4_d70_x0_667b3116d6,667b3116d618641d6044515dd79a0c8ebf6e47f13eb89668dc1b4bef44432d43,-7.1349101796407188,7.1349101796407188,4,0.00001
adultm18y_baseline_f14p75_a23p6_p4_d80_x0_d715953b8d,d715953b8d4808746397d179feb8bb434c97b798831b6740461a5607d49c0aba,-7.8379640718562875,7.8379640718562875,4,0.00001
adultm18y_baseline_f14p75_a23p6_p4_d90_x0_50d302e5c8,50d302e5c8741f826204f7fe9e06b9e5ea0d19246f57e3f88ef8236805581afa,-8.5410179640718553,8.5410179640718553,4,0.00001
adultm18y_baseline_f14p75_a23p6_p4_d100_x0_da1fc7daf8,da1fc7daf88a3d92d8f2efb815bb47b9f61fb7b119a7767248cda0a3bcb6273a,-9.2440718562874249,9.2440718562874249,4,0.00001
adultm18y_baseline_f14p75_a23p6_p4_d110_x0_7b3947c09f,7b3947c09ffc4d1924ea9285f22527e74becfd54c5b7d0ba70b01b9a93fca07f,-9.9471257485029962,9.9471257485029962,4,0.00001
adultm18y_baseline_f14p75_a23p6_p4_d120_x0_c280a22238,c280a22238e630f128fd240fa9b59720e795ce4be8773cc137b3d06b37f90425,-10.650179640718564,10.650179640718564,4,0.00001
adultm18y_baseline_f14p75_a23p6_p5_d60_x0_12916b00bf,12916b00bf5e7c56943f7ed9f0002cec06a8aa09dbe4f497c3ae557aeb9486e8,-7.2898203592814355,7.2898203592814355,4,0.00001
adultm18y_baseline_f14p75_a23p6_p5_d70_x0_8139b5af7a,8139b5af7a2e8303b879e2316fc757bee591c97b54cde2daf886c33fc80fe66a,-8.1686377245508996,8.1686377245508996,4,0.00001
adultm18y_baseline_f14p75_a23p6_p5_d80_x0_10ade8a84e,10ade8a84e763b14a7833530d7eb856eff4818332de23a02466dab232aee1a80,-9.0474550898203585,9.0474550898203585,4,0.00001
adultm18y_baseline_f14p75_a23p6_p5_d90_x0_f47892d48f,f47892d48f1b7f8ad2ccd0cb27da6b70f2e8dd11f0286571e5c717d4e0d58ec5,-9.9262724550898191,9.9262724550898191,4,0.00001
adultm18y_baseline_f14p75_a23p6_p5_d100_x0_c3417564bf,c3417564bfb0005d6ca8b2fbf08a03ff4f612278e89c8194baa35638812f93bf,-10.805089820359282,10.805089820359282,4,0.00001
adultm18y_baseline_f14p75_a23p6_p5_d110_x0_f0e6614595,f0e6614595b38d34903f53644a7d643fe3eb7a1c538b071539cb18655571cfc2,-11.683907185628742,11.683907185628742,4,0.00001
adultm18y_baseline_f14p75_a23p6_p5_d120_x0_542e79fe71,542e79fe712e111910d6ecd6fb8bb9fe1f49c90bb46ab9e3ea58e82d89af3898,-12.562724550898203,12.562724550898203,4,0.00001
adultm18y_baseline_f16p7_a23p6_p2_d60_x0_77db5dd90d,77db5dd90d623cb20500c70024a889d93dd60c7cb4b60675f0ddc9f0dae61dc3,-4.9942099035462011,4.9942099035462011,4,0.00001
adultm18y_baseline_f16p7_a23p6_p2_d70_x0_56a00abd2a,56a00abd2ab20eb6fad4c23be016e4834bbbf59588a8607aaed9ca43f4e71b29,-5.345736849653985,5.345736849653985,4,0.00001
adultm18y_baseline_f16p7_a23p6_p2_d80_x0_96d14f1794,96d14f1794ddab24bad3cf3079034d164dc4b2001c1da8965153a2aad1f16991,-5.6972637957617698,5.6972637957617698,4,0.00001
adultm18y_baseline_f16p7_a23p6_p2_d90_x0_899df5ba63,899df5ba6339e8d7263265354641651a17a4a203efa256ce4405a73fa80ece63,-6.0487907418695546,6.0487907418695546,4,0.00001
adultm18y_baseline_f16p7_a23p6_p2_d100_x0_6a85ab188f,6a85ab188f3ad9f99766607a99aa81000d8cc2a0b3c1e4ecf30012807764fed0,-6.4003176879773385,6.4003176879773385,4,0.00001
adultm18y_baseline_f16p7_a23p6_p2_d110_x0_75c174802f,75c174802f995383edeaff83b26b1d18a0cbfbee1972409b3ff6c2f2b0d99276,-6.7518446340851241,6.7518446340851241,4,0.00001
adultm18y_baseline_f16p7_a23p6_p2_d120_x0_dc7aa70ac2,dc7aa70ac234a6a8b4c08787cc42b939cc411000678cd59aa1603be35b115d6f,-7.103371580192908,7.103371580192908,4,0.00001
adultm18y_baseline_f16p7_a23p6_p3_d60_x0_da13eb54b4,da13eb54b4d45101aa717d71982d4cfbba5d6f25ca783eea41cb0320123a6ab1,-5.9913148553193007,5.9913148553193007,4,0.00001
adultm18y_baseline_f16p7_a23p6_p3_d70_x0_d5019c2984,d5019c29845720ce50d719e368a931e36e2fe8391121ffae48a09b7fb4b027a2,-6.5186052744809784,6.5186052744809784,4,0.00001
adultm18y_baseline_f16p7_a23p6_p3_d80_x0_dcab9c70bf,dcab9c70bfb8ace9ef343d6842d62db69c3059b2a943653a127e3f9e1e6aaccb,-7.0458956936426551,7.0458956936426551,4,0.00001
adultm18y_baseline_f16p7_a23p6_p3_d90_x0_f30929f7e4,f30929f7e4162efa9b6293dbac8b43c16c19aba3deefbe40e0cb80a6bdef5823,-7.573186112804331,7.573186112804331,4,0.00001
adultm18y_baseline_f16p7_a23p6_p3_d100_x0_43c8581651,43c858165167e6a747828831b760ef4a4a87c57de741de6880fd5ef1a6353a0a,-8.1004765319660077,8.1004765319660077,4,0.00001
adultm18y_baseline_f16p7_a23p6_p3_d110_x0_c31390d75a,c31390d75a283c57a65dbb10c4c7708fd8b7a8d3b63b5b9d1242b3c08b2ad130,-8.6277669511276844,8.6277669511276844,4,0.00001
adultm18y_baseline_f16p7_a23p6_p3_d120_x0_8e8b539be0,8e8b539be037980807a533cc353a4746346ad84379470287155321e4ef343c87,-9.155057370289363,9.155057370289363,4,0.00001
adultm18y_baseline_f16p7_a23p6_p4_d60_x0_942b56bee5,942b56bee51ddfedd005ccabfaaa525ca788421a9468f6faf29f89767b47070b,-6.9884198070924004,6.9884198070924004,4,0.00001
adultm18y_baseline_f16p7_a23p6_p4_d70_x0_48c3c77c4b,48c3c77c4bf10273ae14d55c06291dca54c3edd189f1ae0b776f503e50ea93a3,-7.6914736993079691,7.6914736993079691,4,0.00001
adultm18y_baseline_f16p7_a23p6_p4_d80_x0_c8cc866386,c8cc866386748679ee29e27b2f5198dc87b04d5747fe588167440fd9499de809,-8.3945275915235396,8.3945275915235396,4,0.00001
adultm18y_baseline_f16p7_a23p6_p4_d90_x0_1514ac6799,1514ac6799c17009f2d3b393c71048811dab9e56abd04edd88570ad0aa239e49,-9.0975814837391091,9.0975814837391091,4,0.00001
adultm18y_baseline_f16p7_a23p6_p4_d100_x0_9f2ab2dd0a,9f2ab2dd0a8e41ab072d787b8ae04bb2f650c58a62473b4ba5fe37bbd10ee1e8,-9.8006353759546769,9.8006353759546769,4,0.00001
adultm18y_baseline_f16p7_a23p6_p4_d110_x0_197559d2e7,197559d2e7126afbac101865ac693f63217f4d8d21fc9db96e7ba1101b94653e,-10.503689268170248,10.503689268170248,4,0.00001
adultm18y_baseline_f16p7_a23p6_p4_d120_x0_49a6f6fe34,49a6f6fe348b0124632094e8237704a2d69308f9de6f60fac02846b379cc017a,-11.206743160385816,11.206743160385816,4,0.00001
adultm18y_baseline_f16p7_a23p6_p5_d60_x0_8c0e05b52b,8c0e05b52bf30a7b68e785fe5263b6bf6a8f2e4475ce20a2430147cd93e74e9f,-7.9855247588655036,7.9855247588655036,4,0.00001
adultm18y_baseline_f16p7_a23p6_p5_d70_x0_ac449a0f4f,ac449a0f4ffaa813338648477bbe50a1dc64f39ae0a128fecce86a142d546ac1,-8.8643421241349643,8.8643421241349643,4,0.00001
adultm18y_baseline_f16p7_a23p6_p5_d80_x0_4930899c90,4930899c901c2cb668bb2b1564bcc2469fd8626f32e9dade6b9063859d04b04d,-9.7431594894044249,9.7431594894044249,4,0.00001
adultm18y_baseline_f16p7_a23p6_p5_d90_x0_e34e1a5d48,e34e1a5d487083edbb784eac9de7a31cc7354c77ede311a80afc70f2d60284f2,-10.621976854673886,10.621976854673886,4,0.00001
adultm18y_baseline_f16p7_a23p6_p5_d100_x0_f000f4bc5e,f000f4bc5e71c2fc97dbdc058b13a37bd397dfe0f0a17c685edab089efa8181e,-11.500794219943348,11.500794219943348,4,0.00001
adultm18y_baseline_f16p7_a23p6_p5_d110_x0_619af92e49,619af92e496faf45edd9bcf4b086b91a71e6b5f220a860f8a9a9ed6a330a8aa9,-12.379611585212809,12.379611585212809,4,0.00001
adultm18y_baseline_f16p7_a23p6_p5_d120_x0_6ab7cf53e2,6ab7cf53e208c4a868d18e3aeafead4b937146800bb6fa9962d8f7a6632ea31c,-13.258428950482273,13.258428950482273,4,0.00001
